,x_0,x_1,x_2,x_3,x_4,x_5,x_6,x_7,x_8,x_9,x_10,x_11,x_12,x_13,x_14,x_15
51,-1.0556182,-2.650064,0.5840002,0.82657576,0.2945454,-0.16156864,-0.15940432,0.68725544,-0.61018175,-0.7708845,-1.1444534,-1.5790474,0.41877645,0.18864428,-0.09298799,-0.70751613
52,-1.2107382,-2.7480485,0.55927634,-0.110433325,0.17831342,-0.33859816,-0.038606245,-0.21963243,-0.68587,-0.19093953,-0.9813045,-1.2349972,0.8983404,0.735627,-0.3321101,-0.55096054
54,-1.5613438,-0.31172565,-0.76852566,0.21663333,-0.016278848,-0.35156304,-0.8362637,-1.1574132,0.22297187,-0.041241758,1.524083,0.7598441,0.9812241,-0.7783435,-0.3187685,-0.7028955
55,-0.9989211,-0.19112891,-0.057382897,0.3758895,0.11139054,0.013852075,-0.44315842,-1.222474,0.37807062,-0.62063783,0.019376937,-0.057551235,1.2071341,-0.86095375,0.2577966,-1.2765037
138,-0.6478598,-0.7635697,0.09650595,-0.09894155,-0.17734338,-0.02987959,-1.5270224,-0.023286518,1.2044938,-0.58057106,0.19345526,-0.70858485,0.79008037,0.30716583,0.23873685,-0.15483859
139,-0.63147914,-0.73590535,0.16819485,-0.13020104,-0.20599759,-0.06012994,-1.5361058,-0.058209106,1.2551872,-0.55967295,0.2567635,-0.76516956,0.8084179,0.23219843,0.2599656,-0.224062
140,-0.7064762,-0.80872077,0.15400635,-0.13707992,-0.252955,-0.028123049,-1.5767796,0.049452424,1.241317,-0.60685825,0.1904109,-0.69000244,0.84559655,0.22846854,0.28920266,-0.1763434
141,-0.69376713,-0.829046,0.089619815,-0.1375392,-0.287801,-0.0960781,-1.6340833,-0.0112159625,1.1529034,-0.6371444,0.2449129,-0.67468494,0.8141536,0.27790335,0.3006506,-0.16316955
145,-0.42054266,-2.3813295,0.091761984,-0.40850726,-0.77616286,0.2965688,-0.44415867,0.37098983,-0.64365524,-0.21871707,0.22755946,-1.7211584,0.059754256,-0.24196817,-1.0370339,-1.6925274
146,-0.3964483,-2.3865645,0.120725214,-0.46588367,-0.79916024,0.30588216,-0.40455702,0.37543607,-0.62150794,-0.19692177,0.20073126,-1.7757659,0.073353074,-0.23734601,-1.0132855,-1.7496527
147,-0.40901548,-2.4124734,0.1522844,-0.3871596,-0.78146774,0.35302988,-0.48354733,0.35320857,-0.6441874,-0.23618379,0.20870969,-1.7448652,0.05819449,-0.25763458,-1.0673407,-1.6878113
148,-0.49987262,-2.5701776,0.13765678,-0.4294164,-0.8195283,0.29752144,-0.5388722,0.34689423,-0.62396675,-0.26243588,0.20845328,-1.7874272,0.08779536,-0.24336936,-0.96467334,-1.7683176
152,-0.33454785,-0.39606574,-1.0949812,0.2754297,-0.21380584,-0.3253736,-0.21554711,-0.2894422,-0.57018244,-0.48078522,-0.27384204,0.2190344,-0.90362424,-0.84257454,1.1002718,0.31440678
153,-0.3090567,-0.4005524,-1.0562503,0.22812188,-0.23888922,-0.30738148,-0.29697895,-0.28167912,-0.5952382,-0.3826052,-0.32246765,0.20300305,-0.88542604,-0.83179784,1.1408786,0.33789295
154,-0.4035194,-0.4036615,-0.99608064,0.23900731,-0.24819583,-0.3673384,-0.33046266,-0.1836712,-0.68434095,-0.48426396,-0.21859685,0.24228233,-0.9174069,-0.87414706,1.1256615,0.22152516
165,-0.23273303,-0.8030156,-1.0501213,0.6683645,0.18916507,-0.30616882,0.1458713,-0.19600895,-0.5891192,-0.49533337,-0.71393543,0.33440843,-0.34569022,-0.82755846,0.59625113,-0.6817137
166,-0.14026031,-0.80286187,-0.8404134,0.4619134,0.17722821,-0.4936979,0.19053943,-0.3447719,-0.62599134,-0.3491135,-0.45621333,0.50338554,-0.31336448,-0.72219074,0.13552715,-0.7357664
169,-0.89600873,-0.1610275,1.3251382,-0.5915354,0.8889715,-0.8003794,1.716061,-2.4158163,-2.5490956,-0.07397314,1.228875,-0.45420828,2.042275,1.1274734,0.8182103,-0.8592287
170,-0.8522058,-0.24018495,1.413563,-0.72343063,0.8497957,-0.79506534,1.7917649,-2.4296386,-2.5560396,-0.17287554,1.2139641,-0.476623,2.085305,0.99913657,0.8296827,-0.9067575
171,-0.87641466,-0.23263997,1.4001559,-0.7258397,0.88152003,-0.8030499,1.6677846,-2.4302099,-2.5032997,-0.15022674,1.3191735,-0.43237376,2.0667202,1.0597217,0.8531286,-0.9813315
172,-0.85810786,-0.2993161,1.4140841,-0.8321798,0.8741108,-0.7848171,1.714887,-2.4280708,-2.4621418,-0.12902537,1.2603383,-0.44177002,2.0184393,1.0051483,0.8882544,-0.9061412
173,-0.82810897,-0.13462393,1.4365283,-0.61778426,0.90135276,-0.8095808,1.7818077,-2.492524,-2.58954,-0.108170144,1.2979343,-0.4174173,2.020092,1.0523548,0.834575,-0.9022709
174,-0.8590552,-0.29443404,1.3775088,-0.77901614,0.82012665,-0.781253,1.7195646,-2.3793302,-2.4617,-0.21082455,1.2348546,-0.3721256,2.0304592,1.0606983,0.8694992,-0.92431086
183,-0.8567752,-0.15152851,1.4172311,-0.65657425,0.87566495,-0.82064265,1.6444787,-2.444336,-2.5703897,-0.13978842,1.2499157,-0.4920288,2.1365335,1.106181,0.9060842,-0.95607144
184,-0.8454983,-0.18447436,1.4159796,-0.5892049,0.8407443,-0.8925695,1.8273726,-2.4993465,-2.58286,-0.19311987,1.2187922,-0.45713526,2.038571,1.0206337,0.9670223,-0.9526506
187,-0.3869579,0.38079068,-2.0604255,0.6741872,-0.50767845,-0.14006253,0.23024613,1.5737042,-0.87173474,0.7873932,-3.3731089,0.29090482,-1.3142086,3.0142167,3.1318083,-0.71367085
188,-0.39172435,0.3027588,-2.1347337,0.6654908,-0.47753438,-0.27636546,0.31965312,1.6551582,-0.90013605,0.63427293,-3.172865,0.29545283,-1.3433137,3.2590184,2.9387665,-0.7478716
189,-0.38110426,0.37582076,-2.0861716,0.5420197,-0.52640384,-0.06716511,0.27067176,1.5797443,-0.9908173,0.7055763,-3.2486253,0.36196056,-1.2340084,3.0523372,3.1638358,-0.7819431
190,-0.3904951,0.28410542,-2.1406293,0.65646017,-0.4601461,-0.2747186,0.33045852,1.6499158,-0.8845414,0.6087126,-3.1640897,0.33922654,-1.3617277,3.2552073,2.9630575,-0.733498
192,-0.40784907,0.32699585,-2.104732,0.659159,-0.49803305,-0.32003093,0.4442071,1.6025978,-0.9214634,0.63141143,-3.155183,0.26963437,-1.3043251,3.2249575,2.9742997,-0.67079794
193,-0.38770384,0.23629516,-2.158038,0.61419195,-0.5486207,-0.163709,0.38165736,1.682869,-0.9363995,0.6027944,-3.2310977,0.3993921,-1.2912211,3.208845,3.0579712,-0.7204824
198,-0.4029248,0.28372002,-2.1506088,0.67615515,-0.48135868,-0.2625772,0.31763893,1.6793951,-0.8911608,0.6250471,-3.159682,0.3153149,-1.3685706,3.2890253,2.9436855,-0.745766
195,-0.36432466,0.3229003,-2.0870907,0.5612352,-0.47996345,-0.20240897,0.3597521,1.6264963,-0.90584445,0.63390267,-3.0900264,0.38662034,-1.2854601,3.1879792,2.9351223,-0.7269098
205,-0.4867278,2.1173444,-2.7934935,-1.9275124,0.15161256,3.8943262,-0.7318502,-1.0480932,0.6222332,-0.10684783,0.12562001,1.0332527,0.6840008,-0.20076407,-0.69834805,0.02519377
206,-0.39465132,2.189596,-2.828672,-1.9770097,0.06296799,4.006786,-0.6389504,-0.94728667,0.5045596,-0.22880475,0.19555788,0.77569836,0.65701735,-0.252337,-0.98904014,-0.026835801
207,-0.45778358,2.189954,-2.7071462,-2.0049298,0.14132921,3.9210298,-0.5847899,-1.0493387,0.48106104,-0.028892312,0.10777428,1.025446,0.67902243,-0.243001,-0.8065468,-0.10595323
208,-0.3575861,2.1864653,-2.8381617,-2.0094504,0.16819942,3.9481204,-0.6656659,-0.9865542,0.49803114,-0.048148233,0.11218177,0.83392566,0.63975114,-0.2874936,-0.8435674,-0.0888854
209,-0.43110603,2.2752893,-2.7696764,-1.8933145,0.07534595,4.022247,-0.8385392,-0.85069823,0.49603704,-0.12910473,0.092717476,0.9195195,0.7655212,-0.20390162,-0.9288134,0.05315071
210,-0.3959877,2.1341784,-2.8433783,-1.9951848,0.18056117,3.984216,-0.7359436,-0.9768655,0.5529084,-0.07806683,0.1276351,0.856171,0.6004773,-0.26620844,-0.89551646,-0.06389194
216,-0.4144673,2.1715777,-2.8592556,-1.9656811,0.16727693,3.8961232,-0.6574344,-1.0165259,0.5384536,-0.0765423,0.14146745,0.96072954,0.73532456,-0.3265824,-0.79247594,-0.04903632
217,-0.44756883,2.192529,-2.8235543,-1.8930411,0.1791296,4.004815,-0.73624694,-0.8918055,0.5207059,-0.21752366,0.14620885,0.86935407,0.70562696,-0.20450649,-0.9624616,0.035573907
219,-0.45069325,2.0531275,-3.0292923,-1.9289323,0.19430439,3.8393,-0.7398091,-0.9799576,0.5587034,-0.09485125,0.14381231,0.93563765,0.67572105,-0.32039106,-0.673911,0.1095107
220,-0.41566977,2.090548,-2.954959,-1.9578271,0.22312808,3.9239135,-0.80901146,-0.9856962,0.66126084,-0.19378282,0.16023615,0.9050826,0.6100717,-0.3325753,-0.8213422,0.07917028
221,-0.4595179,2.1795135,-2.866492,-2.0048833,0.20345192,3.892242,-0.86241317,-0.9450646,0.6536456,0.06384837,0.035137136,1.0577562,0.7447314,-0.33134335,-0.71797943,0.0967272
222,-0.39649287,2.1159482,-2.9834855,-2.0068784,0.24454336,3.9364328,-0.8163595,-0.9538898,0.615909,-0.16149426,0.14000358,0.91377133,0.69403064,-0.30849597,-0.89379555,0.075545646
234,-0.4344645,2.0655065,-3.1052647,-1.9970648,0.20439768,3.8410249,-0.7468537,-1.0255576,0.5863891,-0.13934588,0.16997725,0.85028225,0.64285237,-0.3230565,-0.72252905,0.096485235
235,-0.44363657,2.0888782,-2.9477768,-2.0899885,0.18892598,3.8252003,-0.7024442,-1.0274994,0.5697555,-0.07701796,0.04909212,1.2000275,0.79838085,-0.29800263,-0.66283625,0.043756362
237,-0.42962322,2.0255318,-3.167123,-2.091599,0.1462716,3.7796717,-0.64502406,-1.08085,0.56971806,-0.16729532,0.19083619,0.84969306,0.5878791,-0.29548207,-0.6771156,0.03898928
240,-0.41805485,1.2379909,-0.8898284,-1.1328808,-0.59410566,0.06322175,2.42707,2.4870396,-0.7912973,-1.0861113,4.304809,-1.0899236,0.118332274,0.4430083,1.2614201,0.7620384
241,-0.44229445,1.071112,-0.87836975,-1.2734665,-0.617205,0.16180904,2.3781853,2.4229977,-0.6519046,-1.113233,4.3649006,-0.98199123,0.16039218,0.5568699,1.4318165,0.6968781
242,-0.42309004,1.1015925,-0.94809073,-1.2376834,-0.62611836,0.09848465,2.4432724,2.5069308,-0.73567057,-1.1313194,4.382245,-0.961714,0.109773695,0.5701577,1.3818204,0.7196743
243,-0.44529417,1.1292405,-0.8629018,-1.2254202,-0.5648064,0.10579201,2.3953345,2.4358687,-0.7083315,-1.0856355,4.3491235,-1.0154989,0.10215385,0.5278743,1.377483,0.7406593
244,-0.43034643,1.1104069,-0.9303334,-1.2874317,-0.6206422,0.1366455,2.3301911,2.4804273,-0.7428031,-1.0983567,4.3628845,-0.93954366,0.09633934,0.47660694,1.4785792,0.7254622
245,-0.43476415,1.1500187,-0.891263,-1.2167648,-0.6450903,0.08997352,2.4134052,2.4593313,-0.71774423,-1.076208,4.389481,-0.9742616,0.097207345,0.55298984,1.423786,0.729548
247,-0.43218914,1.1433469,-0.9849188,-1.0824333,-0.6792683,0.053586457,2.3910735,2.5503688,-0.7084737,-1.1041896,4.2654886,-1.0462396,0.08011512,0.592482,1.2908752,0.7272386
248,-0.37475204,1.0526884,-0.9986269,-1.2286416,-0.5749514,0.11755313,2.3111389,2.4566264,-0.76725686,-1.0718106,4.3123927,-1.001982,0.11404099,0.5679771,1.3652482,0.7422403
260,-0.40660718,1.0466146,-0.97445315,-1.2568233,-0.57444495,0.07788244,2.2822995,2.4515123,-0.73922825,-1.0656148,4.3098316,-0.9946014,0.115906745,0.55736846,1.3665287,0.7301894
263,-0.8585568,-2.958866,0.9123699,1.907294,1.8778794,0.3475705,-0.38822025,-1.9100333,-0.04307249,0.97135884,1.4834211,1.9660721,-1.1314372,1.056564,-0.8661437,0.028036319
265,-0.9011232,-2.9856172,0.9477073,2.0719378,1.9210721,0.25804272,-0.21216844,-2.1087162,0.04851325,0.8759106,1.3588055,1.9160695,-1.0961446,1.1918328,-0.96128035,0.050092347
266,-0.92226875,-2.9808886,0.87847733,1.9553365,1.98578,0.3025402,-0.2701539,-1.9528624,0.0021720617,0.9051691,1.379178,1.9640089,-1.094325,1.0074943,-0.974204,0.050712533
267,-0.86526084,-2.960703,0.8979319,2.0322125,1.932352,0.34918138,-0.26700103,-2.0713918,0.0043002847,0.7663075,1.319758,1.8433814,-1.1131629,1.1734278,-0.9479669,0.101836406
269,-0.94056433,-2.9458108,0.9691405,1.9704396,1.9019507,0.2809394,-0.27626276,-2.1269171,-0.031961724,0.7509262,1.3466144,1.8703492,-1.1779636,1.1924244,-0.9510448,0.12546185
270,-0.8196581,-3.0639648,0.9311981,1.9283015,1.9107052,0.34752315,-0.4215601,-1.946858,-0.020829167,0.8358848,1.5345786,2.0162137,-1.3105836,1.0745845,-0.9060489,0.048509005
271,-0.9162667,-2.9355097,1.0156374,1.9967636,1.9158578,0.28987646,-0.31382832,-2.0455353,-0.023307834,0.7180932,1.361259,1.9035739,-1.189289,1.1792185,-0.9490208,0.1082147
274,-0.8047327,-0.43922082,0.2161242,-0.002909225,-0.6625182,-0.053974226,-0.7276178,-1.0364741,-0.30644414,-0.36606812,-0.348486,-0.50940454,-0.047409732,-0.6051631,-0.3137153,-0.20741503
275,-1.0093101,-0.5176975,0.51555127,-0.15926434,-0.37230512,-0.09136696,-0.67491496,-0.22178222,-0.68529814,-0.067611694,-0.106343366,-0.43029848,0.11869821,-0.5282353,-0.25343454,-0.5843994
58,-1.2351514,-1.1207854,-1.333353,-0.39419633,-1.3877008,0.3374498,-0.45196456,1.1970106,0.4288232,-2.1168978,0.1575664,0.5498732,0.7164473,-0.9973374,-0.4665067,-0.54215604
59,-1.2232437,-1.177252,-1.2935677,-0.36905673,-1.3354274,0.37089312,-0.5265742,1.1581461,0.46078372,-2.0581543,0.0052262372,0.57799137,0.61033654,-1.0253065,-0.45691118,-0.62181973
60,-1.1649836,-1.1589466,-1.304214,-0.38834068,-1.3770585,0.32903442,-0.46480477,1.1575297,0.47798824,-2.0785952,0.099215984,0.5584183,0.70249283,-0.9802405,-0.44139957,-0.6055314
278,-0.4622375,0.53464353,0.7556793,1.1189331,0.7090275,0.9041548,0.06949034,1.1577753,0.30254894,3.7509468,0.8287506,2.5134792,1.3328664,-1.4389526,1.3684189,-1.2292459
279,-0.46348205,0.4578285,0.686758,1.0548228,0.7422467,0.89538825,0.080140404,1.2604129,0.42026412,3.8090641,0.78006023,2.4133856,1.2633898,-1.4660784,1.3114985,-1.3015367
280,-0.47083902,0.40564123,0.71742404,0.9746758,0.69419324,0.91259474,0.11204185,1.2005359,0.32349956,3.7838829,0.6746444,2.4630175,1.3537953,-1.4782244,1.3340708,-1.1519073
281,-0.4630953,0.35800284,0.73156935,1.0497223,0.6585114,1.019488,0.15268078,1.2681086,0.41952014,3.75701,0.7583646,2.4554493,1.2862618,-1.3988315,1.398898,-1.136219
282,-0.48390526,0.41238955,0.7090089,1.0058587,0.7142902,0.95566446,0.09249764,1.1808684,0.4076624,3.7902038,0.65336275,2.4669423,1.2406201,-1.5135454,1.3859785,-1.1955818
283,-0.47734627,0.36365038,0.6967215,1.0273553,0.6720769,1.038081,0.09274582,1.2670821,0.3865445,3.7845435,0.7637658,2.424601,1.309616,-1.3973376,1.419521,-1.0956848
284,-0.49279344,0.38760325,0.825095,1.1293658,0.6658645,1.029303,0.17263457,1.2033046,0.34565827,3.7488961,0.6905448,2.47906,1.3698804,-1.3790023,1.368209,-1.0916728
287,-1.0288116,-0.476075,0.66405165,0.8628956,-0.99474406,0.19066368,-0.08863906,0.39930007,0.65765315,1.3403525,-0.502483,-0.25917593,0.78134966,1.4839033,-0.4135806,-1.7374119
290,-1.1125393,-0.3297724,0.57238966,0.8351102,-1.0232502,0.12025957,-0.13703513,0.54136634,0.76273197,1.4205765,-0.50524527,-0.30537322,0.71544915,1.3618388,-0.5831422,-1.8905431
291,-0.9189356,-0.49134925,0.67260736,0.892406,-0.98459214,0.15637136,-0.10443339,0.38887766,0.64047647,1.4338413,-0.5450346,-0.31964862,0.79077446,1.4749928,-0.3708064,-1.8277909
292,-1.1587551,-0.3090534,0.5000631,0.8155646,-0.9891026,0.122522205,-0.16683644,0.5269307,0.7639951,1.3813539,-0.4797051,-0.30962074,0.7126883,1.3547958,-0.6358531,-1.8645734
304,-1.1491882,-0.3089854,0.48657182,0.8172592,-1.0289992,0.1463147,-0.17589694,0.48027197,0.7581618,1.3403497,-0.48166358,-0.29961506,0.69368,1.3858837,-0.6048404,-1.8469446
307,-1.1250942,-0.71029294,0.5180167,1.2162669,0.59809023,-0.63468504,0.9361924,1.0079422,1.3983926,0.7201597,-0.99635047,2.0577168,-3.0392983,-0.5870154,-0.008992627,0.6755007
308,-1.0554744,-0.7239712,0.3152879,1.2159023,0.57948506,-0.71091115,0.9068471,1.0797513,1.4039735,0.7990762,-1.0263225,2.0885231,-3.0706518,-0.62329507,-0.00409443,0.7325991
309,-1.1391689,-0.72091293,0.45339757,1.1225883,0.4587196,-0.6912063,0.9705205,1.0575564,1.3669505,0.7886371,-0.9618151,2.1044035,-3.054953,-0.49993008,-0.01712188,0.7466148
310,-1.0688783,-0.7652664,0.4059302,1.3276619,0.65263814,-0.6420266,0.8773413,1.0033813,1.4401859,0.7380099,-1.076835,2.1129496,-3.053929,-0.6351358,-0.041039884,0.70389783
311,-1.0642174,-0.7529788,0.31040442,1.2175252,0.5186912,-0.6998409,0.9322184,1.069296,1.334339,0.7032943,-0.9618342,2.1031463,-3.0812213,-0.57935965,0.04968259,0.7716863
329,-1.0478445,-0.81899637,0.40794164,1.241134,0.5464181,-0.7297716,0.9540671,1.0694835,1.2901942,0.68678254,-0.9467591,2.209385,-3.0558572,-0.5312967,0.045325875,0.76617444
332,-0.99457186,-0.4692106,-0.9275947,-1.229845,-0.9675665,-0.5890888,1.4702076,-2.2545679,-0.21793817,-3.0596032,-1.134189,-1.679481,-1.7203152,0.979213,-1.2966686,1.727032
333,-1.0594773,-0.51448816,-0.93424845,-1.3016499,-0.9433263,-0.5325976,1.4812121,-2.3025396,-0.23370063,-3.0696685,-1.1221287,-1.7062122,-1.6725883,0.9356236,-1.2682718,1.7038038
334,-1.042495,-0.47190621,-0.9412138,-1.3275357,-0.91344935,-0.587728,1.3780593,-2.255312,-0.2206025,-3.046456,-1.1215533,-1.7176933,-1.7712067,0.939968,-1.2842122,1.7548103
335,-0.9874467,-0.46654502,-0.9538475,-1.2726262,-0.96982133,-0.5634911,1.4808987,-2.2855299,-0.2553625,-3.0907452,-1.1809653,-1.7078162,-1.662543,0.9319872,-1.2837652,1.7544241
336,-1.0246693,-0.52209306,-0.9372319,-1.3423601,-0.9821026,-0.5452551,1.3927264,-2.3151333,-0.15222849,-3.0642543,-1.0458565,-1.7011372,-1.7283936,0.9391576,-1.2948875,1.7142801
342,-1.0532497,-0.47900987,-0.91953444,-1.3363681,-0.9689886,-0.5426459,1.3946637,-2.3203065,-0.17953846,-3.014869,-1.0992244,-1.6648842,-1.7687343,0.97436315,-1.338033,1.6645707
345,-0.8087936,-1.1315076,0.18088914,-1.1736854,0.56188315,-0.28226903,-2.151768,-0.124283515,0.20315868,-0.61866844,0.86928755,-0.19955549,-0.59404993,-0.7075567,-0.28352636,-0.16137129
346,-1.2970613,-0.74793166,-0.57563853,0.56347555,0.18296513,0.28072122,-1.9734151,-0.016540619,0.24589284,-1.3528565,0.49756524,0.26383513,0.6999139,-1.3203988,-0.5375897,-0.9693533
349,-0.5910815,0.3510891,-0.4392593,-0.11367656,-0.28835785,-0.97686607,1.6833806,-2.3438368,1.2894555,3.792382,1.0714005,-2.243823,-0.90678304,-0.20347776,0.21721548,1.5938507
350,-0.60327864,0.22177646,-0.5671385,-0.1994448,-0.24157506,-0.9266726,1.6365861,-2.382308,1.392443,3.8011317,1.078886,-2.286577,-1.1002704,-0.1795036,0.1751927,1.5417726
351,-0.55411917,0.29778585,-0.5448025,-0.0673613,-0.37255305,-0.9184195,1.6753538,-2.351345,1.3452264,3.7675025,1.1430607,-2.2514489,-0.9942157,-0.16048789,0.30387652,1.5816164
352,-0.64969283,0.26893383,-0.46990454,-0.2783982,-0.25850692,-0.9598743,1.6410648,-2.387145,1.3931555,3.8339975,0.94874203,-2.3344057,-0.9908124,-0.21194234,0.12211494,1.5570152
354,-0.61274326,0.43573245,-0.40422106,-0.2360259,-0.45568186,-1.0458677,1.7188468,-2.3110106,1.4169387,3.751067,1.1704575,-2.3236353,-0.8244871,-0.26327074,0.24994107,1.6579659
355,-0.6452389,0.41209042,-0.36284125,-0.33132994,-0.3001783,-0.9875433,1.5473797,-2.4184794,1.5222545,3.933068,1.0185199,-2.346629,-0.88958645,-0.27839124,0.12639394,1.480528
376,-0.63839823,0.38501027,-0.40824473,-0.3377117,-0.3647418,-0.9881739,1.6220994,-2.371135,1.5398145,3.8172393,1.053113,-2.392551,-0.8861976,-0.21507569,0.14283347,1.5340228
380,-0.59180033,0.39638072,-0.38395077,-0.17520165,-0.3149982,-0.965996,1.6768446,-2.3598108,1.2891788,3.8310173,1.2954544,-2.2648616,-0.7426808,-0.20827278,0.3027765,1.5311983
381,-0.65268886,0.3400796,-0.44556296,-0.3255133,-0.2755163,-0.9653182,1.5932797,-2.3778908,1.5000427,3.8725479,1.0877044,-2.3475933,-0.91207415,-0.23231956,0.099063285,1.457669
389,-0.6414029,0.37893167,-0.41570097,-0.32301942,-0.24747768,-0.9858402,1.5320867,-2.4144275,1.5290225,3.873324,1.07569,-2.349067,-0.9151817,-0.2835493,0.124080196,1.4111408
392,-0.5503957,1.0307672,0.5397817,1.4895939,-2.5172832,1.9350351,3.1461709,0.43252337,-2.3456573,0.60451436,-1.0774224,-0.49784178,-1.2202758,-2.250997,-0.7017184,-1.2283472
393,-0.61723197,0.86129147,0.5064297,1.5512109,-2.4217675,2.0163076,3.2280335,0.31739497,-2.3013904,0.6146349,-0.963101,-0.50463396,-1.1339837,-2.1905005,-0.7338857,-1.1867785
395,-0.53239685,1.0107032,0.57214653,1.5894766,-2.4899805,2.004877,3.2026742,0.33472726,-2.409019,0.6642897,-1.1241025,-0.5562682,-1.0659646,-2.277301,-0.82600754,-1.0982358
396,-0.55210435,0.97301763,0.58734375,1.5283489,-2.526718,1.9225967,3.2007082,0.36977062,-2.4180202,0.6435871,-1.0553857,-0.49136725,-1.1369557,-2.194154,-0.70136,-1.1502656
397,-0.5665642,1.0110167,0.46069342,1.5116035,-2.5411868,1.9247949,3.178796,0.44446948,-2.2739816,0.6228229,-1.1083959,-0.48134252,-1.2059745,-2.285842,-0.78493476,-1.1688867
399,-0.5162525,1.0501381,0.5543319,1.5146301,-2.5604703,1.9667468,3.263641,0.27868846,-2.311033,0.6060168,-1.0551019,-0.39148614,-1.1239796,-2.2408633,-0.7256848,-1.1843014
400,-0.55408746,0.9761392,0.5392461,1.5117985,-2.502945,1.93393,3.1217432,0.42534277,-2.4292722,0.6415435,-1.0335448,-0.47870022,-1.1617643,-2.2473848,-0.7495021,-1.1427693
401,-0.55960286,0.91230375,0.46918732,1.5324967,-2.4587195,1.9973526,3.269889,0.33596092,-2.2836466,0.62518185,-0.9939585,-0.4857799,-1.2101367,-2.181258,-0.7287457,-1.2421255
403,-0.5070695,1.0070698,0.40872306,1.500342,-2.5301843,1.9722513,3.0840638,0.46890256,-2.2808764,0.66987896,-1.1217964,-0.4767715,-1.2135632,-2.439446,-0.6792625,-1.2045665
404,-0.5552324,0.88519096,0.47140405,1.5140508,-2.4783974,1.9485267,3.2078495,0.40091044,-2.265487,0.6368688,-0.95395744,-0.4445684,-1.154138,-2.278249,-0.76732177,-1.2341542
410,-0.5529293,0.88490343,0.4147894,1.5420464,-2.4857452,1.9650644,3.2457016,0.3958197,-2.246156,0.6266175,-0.9456956,-0.46909684,-1.153382,-2.2609363,-0.7574188,-1.2586002
413,-1.1834625,-1.1893187,0.033926364,0.23996226,0.8233271,0.10138366,-0.5311653,-0.66771084,0.52146363,0.23867764,0.39613268,0.118208155,-0.6268091,-1.2257608,-0.58060163,-0.5887882
414,-1.0941945,-1.169089,0.0017891362,0.24547571,0.8386895,0.19301663,-0.4007139,-0.64726,0.5906878,0.13013558,0.34716415,0.16089231,-0.58110374,-1.1894038,-0.55919755,-0.55558044
415,-1.1596158,-1.2065158,0.045898348,0.21608697,0.8645105,0.2064972,-0.4524964,-0.67419434,0.54551804,0.17780645,0.35773015,0.13329381,-0.65835005,-1.1639557,-0.5306512,-0.5848623
418,-1.1395854,-1.0786145,0.11776888,-0.769966,0.20938084,1.2692434,-1.3265886,-1.3327315,-1.4643698,-0.10120253,-1.2477267,-0.4470402,-0.5514472,0.43973374,0.5156565,0.10302653
419,-2.35531,-0.70782435,0.46465632,-0.19679737,-0.7459109,0.8982778,-0.41846249,-0.16515438,-0.93089914,-0.19293076,-1.0384723,-0.7138669,-0.97632056,0.7765085,-0.19952846,-0.24797168
422,4.944926,-0.29379192,0.1175483,0.075007334,-0.19415179,0.038092986,0.00955361,0.019735383,0.17045271,-0.14706075,0.0073667364,0.11502567,0.04928757,-0.00010837546,-0.15200134,-0.015928954
423,4.9655056,-0.23501325,0.10243322,0.03987383,-0.21004541,0.1308971,-0.2598971,0.22002119,-0.007396573,-0.3596756,0.031584304,0.14354776,-0.046090756,-0.01640773,0.030479537,0.09233427
424,4.9988074,-0.21423687,-0.030728005,-0.117562495,-0.18494007,0.00075742794,-0.24244486,0.28653255,-0.018247487,-0.33368528,0.03261712,0.24326657,-0.125206,-0.13191982,-0.062353045,0.13275166
425,4.99026,-0.20175314,0.11310074,0.05373315,-0.13725881,0.11785262,-0.023574116,0.29705366,-0.07540948,-0.37136638,0.044299908,0.16985108,0.0039763884,0.032261323,-0.00025074318,0.040277794
426,4.893558,-0.3603429,0.05290761,0.043139186,-0.21691826,0.09316967,-0.111347534,0.16747607,0.12215064,-0.31246066,0.030053405,0.14288561,-0.055640634,0.015224721,-0.019612769,-0.066076465
428,4.913692,-0.38347417,0.07864118,0.06401365,-0.15194955,-0.04163448,0.04129948,-0.042692665,0.2075436,-0.13507281,-0.062314358,0.10166895,-0.055604834,-0.06530921,-0.12148958,-0.012547494
429,4.954514,-0.23767388,0.06586228,0.10072326,-0.14079656,0.07128063,-0.0936919,0.21264233,0.08110987,-0.24863411,-0.060737282,0.22480634,-0.042389072,-0.13268791,-0.038711313,0.22857289
430,4.954688,-0.3190824,0.053251125,0.17338708,-0.12966344,0.16542798,0.16759911,0.052589316,0.16420865,-0.2078582,0.0005687453,0.000763021,-0.08276375,-0.03839998,-0.07016378,0.17698029
431,4.909842,-0.35692,0.051266667,0.111180395,-0.124501765,0.05730311,0.065997824,-0.115730755,0.18054423,-0.18258092,-0.0501908,0.07786588,-0.012148229,0.013762096,0.0144592,0.14201672
432,4.8811135,-0.38095275,0.102091454,0.08617403,-0.23236693,0.017733034,-0.0018903192,-0.14272371,0.2494386,-0.09520901,-0.06837234,0.12514603,-0.027598336,-0.047484867,-0.09234945,0.061856404
434,4.971817,-0.25791788,0.120888755,0.13905057,-0.07466566,0.06899325,0.13375813,-0.25652704,0.14993723,-0.1616327,0.024079023,-0.029024461,-0.04826273,0.07766382,0.1711362,0.10418224
435,4.887635,-0.40880603,0.075457,0.107338846,-0.25651595,0.08268731,-0.01577829,-0.052197598,0.2029053,-0.18195184,0.071839795,0.12890883,-0.033807624,0.043063246,-0.012083939,-0.037815765
436,4.9246264,-0.26144424,0.114130914,0.09244991,-0.28958955,0.04449029,0.025342694,-0.13299957,0.26113203,-0.1490041,0.067126706,0.15928823,-0.03196995,0.0048889844,0.023978965,0.10755529
438,4.87231,-0.4113513,0.09481279,0.07573322,-0.26042,0.093264565,-0.012877775,-0.013453578,0.20654804,-0.18216816,0.03751754,0.057686184,-0.076567255,-0.04406998,-0.05718521,0.025857838
440,4.9376144,-0.27672678,0.16277805,0.1584056,-0.12495155,-0.11931868,0.067860916,-0.05406208,0.22549173,-0.05524305,0.0024029545,0.18029864,-0.11129988,-0.014800753,0.03493356,0.0074205515
441,4.8899584,-0.41387868,0.02609467,0.09049995,-0.24200942,0.0276987,0.16818523,-0.20421022,0.15901141,-0.17528443,-0.04434147,0.108987406,-0.13462749,-0.009146513,-0.09894283,-0.044999212
443,4.9995456,-0.22497316,0.094140425,0.0068476927,0.023863696,-0.10460237,0.007871622,-0.18086477,0.2887912,-0.07674614,-0.063739434,0.16076231,-0.05025114,-0.05312713,-0.030972574,0.022463195
444,4.904402,-0.38362673,0.086911075,0.01665231,-0.21801296,0.0543184,-0.02097262,-0.11688248,0.19949523,-0.2046945,-0.083372705,0.14668891,-0.113464214,-0.09855808,-0.080747664,-0.00016552112
446,4.9723268,-0.24886385,0.037681088,-0.068321496,-0.04417723,-0.060009304,0.043810412,-0.2691236,0.1878145,-0.17093621,-0.07517419,0.06657992,-0.07299513,-0.11888815,-0.13818192,-0.0083600385
447,4.9840703,-0.22277047,0.10220647,-0.20878272,-0.10782505,-0.09338472,-0.006393341,-0.19545841,0.19063178,-0.047120415,0.09120576,0.08598021,-0.010543446,-0.09365721,-0.1874131,0.058141295
448,4.9555407,-0.32106772,0.06996698,-0.13599965,-0.10462329,-0.016857276,0.06440403,-0.17997119,0.18650919,-0.1511283,-0.21243443,-0.0016173131,0.06933406,-0.06572776,-0.1083843,0.079647906
450,4.88389,-0.44485527,0.086131684,0.04822017,-0.1582374,-0.015805941,0.008338336,-0.13959073,0.24002868,-0.16679253,-0.00049506285,0.103444174,0.064508826,0.05982978,-0.077539176,0.041140195
451,4.9776363,-0.27613205,-0.1879497,0.0728209,-0.2799991,-0.019951569,0.024228789,0.045603104,0.24707916,0.10366559,-0.27887294,0.18242358,-0.115175866,-0.23806721,-0.20061734,-0.12151625
453,4.964427,-0.3739619,0.038167343,-0.009366963,-0.18330929,-0.055791464,0.0004989443,0.030930992,0.23941462,-0.15141967,-0.05303013,0.16851455,-0.13280077,-0.04253383,-0.13943027,0.021513252
454,4.9434853,-0.36259192,0.04918397,-0.04689127,-0.20475538,-0.0908306,0.0486553,0.0010787402,0.2774074,-0.037327074,0.013070467,0.16727152,-0.09032784,-0.062836036,-0.12086691,0.10830199
455,4.9779806,-0.25184426,0.06873795,0.020796422,-0.08348863,-0.048557512,0.10900128,-0.019379104,0.23621677,-0.03870256,-0.06512235,0.084749915,-0.09859024,-0.096531905,-0.17749599,0.12149724
457,4.9307775,-0.32436612,0.05636451,-0.0091478955,-0.10218325,-0.062552586,0.15867239,-0.017097669,0.2720818,-0.00043824824,-0.105226204,0.099117436,-0.16636832,-0.07883358,-0.17755993,0.113159165
458,4.9704394,-0.43346414,-0.11480342,-0.023480712,-0.20215552,-0.13563874,0.17468579,0.04668752,0.29639888,-0.03220893,-0.20385212,0.052611668,-0.063433856,-0.06070214,-0.23968649,0.06945
459,4.894073,-0.528942,0.06620717,-0.042019036,-0.23749341,-0.014321516,-0.041444838,-0.06112408,0.22664651,-0.09873072,-0.17608207,0.018665258,-0.02457604,0.104973376,-0.24298473,-0.036932535
460,4.95595,-0.31599924,-0.031346805,0.00854349,-0.17533928,-0.04109314,0.112233,-0.056321066,0.2944151,0.004364244,-0.19513892,0.26491454,-0.16498856,-0.19288933,-0.15245211,0.10333796
461,4.9170494,-0.40374506,0.097986765,0.0047969986,-0.17463842,-0.0005337139,0.047508147,-0.13280597,0.27855954,-0.1159138,0.002974595,0.12775579,-0.031508796,-0.023233298,-0.085218325,0.0026161098
462,4.875197,-0.42012978,0.13793595,0.056592748,-0.2288703,0.051713273,-0.026994763,0.03983999,0.19626167,-0.020628592,-0.23318139,0.061149545,0.038409427,-0.019526655,-0.15972485,-0.12931253
463,4.9890494,-0.29885703,0.16249703,-0.035817273,-0.09186113,-0.103729084,0.059465162,-0.058790285,0.14343078,0.0020688623,0.06253825,0.11702538,0.12380898,-0.016524909,-0.09136873,0.057732303
464,4.884845,-0.35709745,0.15503412,0.059239205,-0.12452142,0.080789894,-0.036336873,-0.03293795,0.13410726,-0.13417834,0.089803934,0.09554076,0.14236233,-0.05473755,-0.040827267,0.0018621243
465,5.0076227,-0.07227086,0.26794225,0.0023244328,-0.19671766,0.04226797,-0.19044234,0.07298288,-0.10745025,-0.20187949,0.18649901,0.036085185,0.30632985,0.08286644,-0.0843489,-0.07647325
467,4.980303,-0.15705974,0.1513852,-0.0028883526,-0.25584453,0.021043416,-0.30065143,0.08986273,-0.11916155,-0.17576836,0.25760368,0.2516347,0.11531035,0.10845971,0.02235776,-0.15586028
471,4.9533095,-0.31914476,-0.0724444,0.025792504,-0.2703854,0.013955722,-0.1906706,0.091721185,-0.0072562527,-0.19176254,0.15036196,0.12693815,0.15206043,0.17659311,0.010684198,-0.23561072
472,4.9668226,-0.23921336,-0.005628582,0.01283831,-0.28494397,0.030074246,-0.2002121,0.021781463,-0.06339351,-0.33965403,0.14420122,0.17930377,0.025921414,0.13662834,-0.0071915854,-0.21775083
474,4.9597983,-0.2862434,-0.06014592,0.020130385,-0.33210364,0.0082053915,-0.050654925,0.06087167,-0.09885894,-0.3211593,0.053034544,0.21854426,-0.026024645,0.11710562,0.071791485,-0.2157966
475,4.9022536,-0.33731052,0.10530455,0.09010855,-0.22844225,0.060657196,-0.14888138,0.0129919695,0.122059114,-0.25077245,0.04145838,0.20521198,-0.04385596,0.028619055,-0.0953429,-0.191737
476,4.8810225,-0.40489283,0.124186136,0.0657353,-0.24513198,0.015767582,-0.01401519,-0.121501446,0.2680023,-0.17881897,-0.06711545,0.16162175,-0.08113421,-0.010555654,-0.108449645,-0.0368514
478,4.914061,-0.37146226,0.06373928,0.047707118,-0.111745484,0.019353375,-0.13680351,-0.104017995,0.26161623,-0.112472914,-0.09576348,0.17626661,0.0015198574,0.055441275,-0.08205442,-0.0181751
479,4.9366384,-0.26952255,0.044228043,-0.021832846,-0.2622558,0.010124838,-0.075145036,-0.09039548,0.15842278,-0.16874492,-0.009067995,0.13750212,-0.21184069,-0.02800568,-0.058721654,-0.07176193
481,4.9468517,-0.3353271,0.06498228,0.12342096,-0.15763742,0.018811148,-0.04727677,0.08621693,0.060796347,-0.15453109,0.057699867,0.12165163,0.08274102,0.17747566,-0.03567268,-0.119267665
483,5.0207,-0.14366147,0.0985231,0.0420365,-0.12459575,0.013696515,0.096507505,-0.0514907,-0.038565226,-0.11893123,0.18864842,0.056148347,-0.055019077,-0.017518613,-0.19381785,-0.051387865
484,5.0415177,-0.014338452,0.15161604,0.12302605,0.01501087,-0.010875317,0.15332876,-0.07534156,-0.109402806,-0.06905953,0.10341368,-0.21297213,0.008393127,0.07429026,-0.19526684,0.13502596
486,5.0474467,-0.06767716,0.22084196,0.08544644,-0.15112416,0.10253716,0.040004082,0.0069788382,0.060748316,0.054859873,0.32750437,-0.29495537,0.054521114,-0.19557089,-0.38444483,-0.08885191
487,5.0939283,0.122680634,0.034180883,0.023265548,0.007409032,0.03681336,-0.003968931,0.063351594,0.0422729,-0.1379093,0.0999569,-0.15198305,-0.06528958,-0.18003644,-0.28345013,-0.046006046
488,5.0644774,0.038040463,0.25260317,0.067251176,-0.07181071,0.039205104,-0.10385042,0.16195229,0.1164679,0.08929865,0.50925356,-0.21412511,0.08794527,-0.17434192,-0.36280304,-0.14369337
489,4.988001,0.02782349,0.04307256,0.020061536,-0.10424242,0.098346904,-0.13428946,0.11465029,0.065062255,-0.113782465,0.20571578,-0.14634898,-0.09288996,-0.11745573,-0.24647498,-0.057937175
456,4.9437284,-0.33209774,0.07358997,0.002728446,-0.14817525,-0.077748634,0.199044,-0.0093909735,0.35201725,0.021453617,-0.20512274,0.11442841,-0.15776303,-0.097262874,-0.09676293,0.064124264
63,-0.37778914,-0.7129621,-0.039972473,-0.027791971,-0.42458376,-0.45223612,-0.4606934,-0.028225316,0.12822182,-0.17457514,0.34536004,0.34734607,0.056609534,0.12682459,0.6774724,-0.4398093
64,-0.3963691,-0.7548069,-0.07054818,-0.008166244,-0.45955503,-0.4981991,-0.5104999,-0.011645114,0.15095295,-0.16745372,0.4038474,0.3726414,0.04748122,0.16503602,0.74137986,-0.50401634
65,-0.25353256,-0.63510203,-0.022334773,-0.019565346,-0.4077164,-0.45198804,-0.45137438,-0.05499184,0.1669267,-0.13505976,0.34538648,0.32581136,0.041497327,0.1382348,0.6287957,-0.41527244
492,-0.21323633,0.45038974,-0.8103421,-0.6878915,5.3908625,-0.4418119,0.43149427,-0.03007442,-2.5278852,-0.35863462,-0.379639,-0.14221881,-0.18464367,-0.64646757,-0.09005112,-0.51143545
493,-0.15150562,0.33650967,-0.96106124,-0.7637445,5.427699,-0.3279251,0.38631046,-0.09246137,-2.5104363,-0.08963684,-0.46059775,-0.26275608,-0.19931148,-0.85051876,-0.28630346,-0.58089644
494,-0.16409074,0.28506088,-0.97032905,-0.71682674,5.368882,-0.4075636,0.31202805,-0.050283466,-2.421244,-0.024184588,-0.5016976,-0.2685353,-0.26670673,-0.93855786,-0.37016657,-0.5324887
495,-0.15738276,0.31758976,-0.9638403,-0.7164129,5.455692,-0.4662286,0.31363147,-0.091902256,-2.422891,-0.07844312,-0.5326003,-0.28288049,-0.3141114,-0.9264266,-0.36818102,-0.56863797
496,-0.16177167,0.35271677,-0.9286742,-0.70875436,5.40926,-0.44562227,0.3497912,-0.06507277,-2.453524,-0.03797534,-0.5121613,-0.25953633,-0.306237,-0.94572383,-0.3131823,-0.5284106
497,-0.15920594,0.31268755,-0.92171943,-0.71657515,5.386577,-0.44886923,0.38019606,-0.068532966,-2.4802887,0.026565894,-0.52980435,-0.25370598,-0.30201972,-0.9146145,-0.33138007,-0.52357364
498,-0.14872417,0.3058863,-0.9420225,-0.7394165,5.394766,-0.4638889,0.2936402,-0.08957872,-2.4423382,-0.044726606,-0.48490444,-0.26813352,-0.27895334,-0.96624553,-0.3874672,-0.537913
499,-0.15513822,0.36222148,-0.9374063,-0.77846634,5.451836,-0.26369637,0.48579013,-0.04193055,-2.501383,-0.06405434,-0.41253644,-0.108330704,-0.047260348,-0.82634085,-0.22455223,-0.57986945
500,-0.16669329,0.29660183,-0.9171834,-0.7188458,5.5002856,-0.31960666,0.28289872,-0.0100501245,-2.4935803,-0.019998796,-0.35855147,-0.16725928,-0.15550017,-0.8816078,-0.27131647,-0.53613687
501,-0.20952877,0.31271106,-0.9201997,-0.6410756,5.39836,-0.31409234,0.35686573,0.02713156,-2.5637686,-0.0150889475,-0.40412292,-0.05900245,-0.09909249,-0.79661137,-0.2677656,-0.5051445
502,-0.20190251,0.38209334,-0.88502884,-0.7176931,5.4385886,-0.31244746,0.4595931,0.044469,-2.503542,-0.3105889,-0.39078677,-0.14574598,-0.08979606,-0.61242807,-0.14170228,-0.48669067
505,-0.48243374,-0.68181247,0.51207596,0.18837461,-0.1461574,-0.22924452,-0.3326402,-0.40556896,-0.11354369,-0.3054159,-0.0018121591,-0.44055086,0.19653404,-0.08976492,0.44879314,-1.0380234
506,-0.5185297,-0.6980986,0.51653945,0.10576377,-0.18370812,-0.26639572,-0.33448488,-0.43448937,-0.13030946,-0.2931365,0.06310305,-0.45199838,0.19420767,-0.10545273,0.46831074,-1.0056888
507,-0.42175788,-0.62022924,0.42413834,0.1809515,-0.18481697,-0.24058178,-0.2707477,-0.33506235,-0.11676095,-0.27754647,0.004895018,-0.4226216,0.19911982,-0.13817684,0.4254576,-0.9374194
508,-0.37577435,-0.54444146,0.43030506,0.121408656,-0.12904005,-0.2234602,-0.24662183,-0.30188084,-0.11973682,-0.25176963,0.045503322,-0.36451566,0.21231364,-0.12950517,0.42497283,-0.8571529
511,-1.1255925,-1.256867,0.43854785,-0.07445915,0.5940506,0.76179653,-2.5028498,-0.23888852,-1.6912568,0.8141848,-0.6293263,-0.28073213,-0.958526,-2.053116,0.67223215,-0.5983913
512,-0.91820115,-1.5991703,0.45577073,-0.03893147,0.6666819,0.9603348,-2.1067693,-0.8371888,-0.22013065,0.064069204,-1.2344292,-0.49663422,-1.1936442,-0.73443735,0.01668058,-0.8343473
515,-0.38599893,-0.8870207,0.37760332,-0.13673133,-0.032378044,-0.2646085,-1.5556033,-0.8613841,-0.35054538,-0.8966599,0.9331369,-1.2237269,0.271511,-1.439011,-0.064459585,-0.6621469
516,-0.4155297,-1.4160935,0.11868323,-0.27132604,-0.35942966,-0.6400005,-0.9252901,-0.6378928,-0.21370892,-0.34047037,0.5862743,-1.1746523,0.42445537,-1.6333991,0.38597077,-0.73261064
519,-0.886228,-1.305229,-2.3314135,-2.1714323,0.88019145,-1.4308983,1.4938564,0.47640887,3.7274208,-0.14763756,0.12277132,0.13268287,-0.71268183,0.051655836,0.03471133,-1.6685098
520,-0.91664946,-1.1654856,-2.3271055,-2.0831292,0.88301134,-1.4626704,1.4154624,0.47020778,3.64934,-0.14098342,0.18504433,0.13420317,-0.84409523,-0.12792325,0.09107573,-1.6936339
521,-0.9336061,-1.1612221,-2.3718965,-2.0806117,0.8862587,-1.4360325,1.3602464,0.4101853,3.6650646,-0.13192132,0.23567204,0.123977214,-0.84047985,-0.22685054,0.11636734,-1.7588124
522,-0.93200916,-1.305225,-2.267181,-2.1974187,0.8813758,-1.4885201,1.4557607,0.48736843,3.6633418,-0.19115452,0.13467062,0.040147107,-0.69563144,0.059873223,0.09894982,-1.6954013
523,-0.90345407,-1.2237303,-2.3734026,-2.1776752,0.94445163,-1.4856498,1.3824241,0.38290536,3.6469378,-0.1389675,0.21122478,0.1526699,-0.77266914,-0.14984138,0.16265167,-1.7553216
524,-0.9436359,-1.301724,-2.376157,-2.2282383,0.95953393,-1.5022078,1.3446364,0.40838075,3.6197546,-0.2039786,0.22910093,0.16549633,-0.7404121,-0.05908372,0.24839067,-1.6077399
526,-0.91805875,-1.362977,-2.3244245,-2.313942,0.9973497,-1.5539547,1.3112894,0.39068013,3.61288,-0.25163028,0.1593087,-0.02432848,-0.66219413,0.038820073,0.24493279,-1.5971532
527,-0.90691286,-1.4190605,-2.3119366,-2.2663672,0.90457517,-1.536372,1.3783972,0.44304675,3.7182972,-0.2391676,0.16945523,0.056086186,-0.6429442,0.15715398,0.19141811,-1.6511428
528,-0.9283516,-1.2922612,-2.3124394,-2.233686,0.9492503,-1.5235598,1.3649908,0.4415528,3.6952894,-0.15376538,0.19119366,0.14428471,-0.70445776,0.01957893,0.22759904,-1.6171452
529,-0.8705053,-1.2340493,-2.3303173,-2.1624322,0.953887,-1.4837257,1.3768815,0.4478914,3.7170346,-0.23545587,0.120753616,0.06993503,-0.7301187,0.023100914,0.058233377,-1.7385825
532,-0.929199,-0.62857795,-0.46009684,0.87413746,-0.5702162,1.7903501,2.2752624,-0.1349899,1.6555394,-0.30251983,-1.2963887,-0.8371432,2.8422172,1.801396,0.51604575,0.26750854
533,-1.1611879,-0.6623196,-0.418623,0.83589184,-0.8155428,1.654845,2.369759,-0.12506552,1.5088309,-0.41400874,-1.4297765,-0.77368176,2.6842747,1.6255109,0.74316794,0.19052215
534,-0.9456464,-0.5887338,-0.46225762,0.89241457,-0.5778387,1.7447457,2.2826376,-0.076923795,1.5670005,-0.35082927,-1.3688751,-0.8665785,2.8361957,1.7574592,0.50082433,0.2664032
535,-1.1634648,-0.6971715,-0.4311859,0.8072725,-0.79943675,1.661982,2.3511872,-0.121135056,1.5354636,-0.4224332,-1.393902,-0.8076619,2.687977,1.6570501,0.67378366,0.19599569
537,-1.079806,-0.6384936,-0.43420932,0.84709954,-0.7317913,1.693338,2.3631005,-0.13206375,1.5508322,-0.3749193,-1.324184,-0.8853474,2.709504,1.7170322,0.6523558,0.27903748
538,-1.0951084,-0.6480329,-0.40073693,0.8449306,-0.73292124,1.7069322,2.3344274,-0.041219596,1.5712159,-0.45532495,-1.3615588,-0.8293458,2.700196,1.6652472,0.71188164,0.2523507
543,-1.1372718,-0.6337511,-0.4375717,0.8093226,-0.76943606,1.6711084,2.3829563,-0.09956902,1.5320771,-0.44043043,-1.3534126,-0.7696861,2.6811843,1.6283886,0.7157868,0.23128304
540,-1.0523131,-0.65914667,-0.3733392,0.78394574,-0.81478685,1.636307,2.3869426,-0.104811884,1.4474709,-0.41952178,-1.4273999,-0.7347869,2.636966,1.6059976,0.71238023,0.1819414
546,-0.11265057,-2.718959,0.8068239,-0.65364915,-0.07235893,0.3185674,-0.9112343,1.5667217,-1.8614061,-0.58645374,-0.19878753,-2.184023,0.2937958,0.038767796,-0.36224926,0.8382672
547,-0.15177986,-2.5686934,0.78003174,-0.7247224,-0.15624033,0.28379062,-0.9837263,1.5803077,-1.9136051,-0.6704677,-0.23956124,-2.0509682,0.28762665,-0.11753506,-0.22600774,0.8699062
548,-0.09693026,-2.6834464,0.7883307,-0.63045555,-0.11097997,0.31587723,-0.8506027,1.607735,-1.8717821,-0.5116395,-0.13959523,-2.1198227,0.23463757,-0.0076457653,-0.3592408,0.7983779
549,-0.14380938,-2.5287385,0.73000044,-0.77467495,-0.13631205,0.28393394,-1.0293558,1.5124263,-1.9218731,-0.5877993,-0.20235635,-2.090397,0.3028296,-0.15182327,-0.2441807,0.91844356
550,-0.11493795,-2.5749335,0.75960594,-0.7745276,-0.109146595,0.2806478,-0.9735174,1.5641676,-1.914423,-0.6451686,-0.15549894,-2.1176674,0.27930033,-0.09714415,-0.23023096,0.8905937
553,-0.5647763,0.53020537,0.7895625,-0.6990475,-0.5134528,-1.5418307,1.5628945,-0.7892791,-0.21714558,-0.93867904,-0.49955755,3.0868855,0.708183,-1.9581982,2.016008,3.416126
554,-0.5338098,0.5387422,0.5902144,-0.65548986,-0.56546587,-1.5233971,1.646777,-0.87765723,-0.20016435,-0.8902868,-0.5812985,3.130024,0.75100267,-1.8831744,2.1259184,3.3708227
555,-0.5672871,0.5164654,0.8139663,-0.6480983,-0.55755675,-1.4771729,1.54371,-0.8326218,-0.25715,-0.9327537,-0.62527466,3.1915717,0.71890455,-1.9206463,1.9638414,3.4019535
558,-0.5518439,0.55818963,0.76985013,-0.6276778,-0.53164756,-1.5418373,1.6559176,-0.9026352,-0.15649527,-0.80742675,-0.35030833,3.1381238,0.83316135,-1.9264835,2.0207002,3.3757544
559,-0.5730574,0.46152297,0.6480257,-0.6888987,-0.6090112,-1.5051583,1.600271,-0.8934797,-0.3018294,-0.95949274,-0.72286433,3.1651192,0.7136661,-1.9514362,2.1316357,3.3429265
562,-0.53980553,0.4336717,0.7248472,-0.6907252,-0.5022597,-1.5041538,1.5446097,-0.8165612,-0.30489498,-0.929343,-0.7575499,3.1820667,0.665963,-1.9179016,1.9812148,3.4324033
563,-0.5773112,0.5706736,0.7998059,-0.70322454,-0.6266031,-1.4703798,1.5456038,-0.79112285,-0.2495328,-0.8891059,-0.53483504,3.1665022,0.75656414,-1.9564332,1.9616946,3.3886578
566,-0.51314116,0.5830752,0.5935523,-0.6614178,-0.5340828,-1.5110269,1.6464761,-0.9432456,-0.12225362,-0.8934416,-0.59750575,3.103621,0.7753,-1.9198325,2.1770806,3.3676867
570,-0.34072956,-1.647013,0.67000747,-0.54989314,0.49846002,0.48637775,-0.12057307,1.6266516,-0.18484591,-0.5644777,0.6468039,0.33597973,-1.600285,-0.48297885,1.4479889,-1.727185
571,-0.37530568,-1.6030734,0.6929287,-0.49517807,0.54934573,0.365485,-0.06963358,1.6039199,-0.24561134,-0.5053839,0.6046986,0.3883458,-1.5355778,-0.47648978,1.3556617,-1.7485904
572,-0.40042394,-1.5908848,0.74234,-0.55268973,0.5137912,0.43678764,-0.120581545,1.5381243,-0.1910398,-0.5425301,0.5854075,0.38208795,-1.5741754,-0.54581547,1.3536907,-1.6942779
575,-0.5221498,-0.77788234,0.15285446,-0.007954233,-0.14398623,-0.5115973,-0.235821,-0.2821403,-0.2585223,-0.3048332,0.086926326,-0.1205259,0.045595188,-0.044245597,0.41899082,-0.08467091
576,-0.47640637,-0.73650235,0.15058295,0.011057667,-0.12289072,-0.50853246,-0.24636938,-0.29016766,-0.22490376,-0.30347684,0.070573166,-0.14613931,0.051228568,-0.062403563,0.37811986,-0.036554243
577,-0.51024556,-0.7652406,0.1420679,0.0011399931,-0.10788443,-0.5190351,-0.27122802,-0.28712544,-0.24015017,-0.30783835,0.0807763,-0.1616188,0.052989703,-0.058800437,0.39432982,-0.05688977
84,-0.56967294,-0.9581012,0.4889783,-1.0023198,-0.57964593,0.27016467,-0.8927526,-0.18685198,0.23983221,0.10032606,0.646746,-0.17130461,-1.0073634,-0.76927656,0.09104371,0.26540223
85,-1.0047258,-0.92295855,0.32418695,-0.7663483,-0.30206168,0.48878303,-0.19199689,-0.5177096,0.75221395,-0.21016106,0.52985495,-0.32831794,-0.064491436,-0.33693254,1.692295,1.0281609
585,-0.4238372,-2.0981476,1.5804517,-0.9387706,-1.5144117,-0.34504402,0.12385253,0.27911943,-0.76610786,-0.7755147,-0.008432377,-0.09875839,0.6661352,-0.6760253,-0.26207325,-0.27936244
586,-0.3799724,-2.084498,1.5400023,-0.9104673,-1.5357102,-0.37771603,0.07453688,0.25998875,-0.7554094,-0.788756,-0.093432814,-0.10644895,0.64648086,-0.63188803,-0.27550036,-0.23857091
587,-0.41641656,-2.1363091,1.5368817,-0.9464202,-1.5470159,-0.41544557,0.037200697,0.23608692,-0.7290979,-0.7914809,-0.06541229,-0.10115236,0.72397846,-0.58708197,-0.2834646,-0.28003466
595,-1.4266835,-2.0883942,0.745377,0.4857863,-0.13093728,0.07796515,-1.9926862,-0.64385855,0.75552845,0.9456962,0.85701483,0.60088533,-0.35968116,0.76910293,0.28771728,-0.92043173
596,-2.2325304,-1.3788207,0.088993266,-0.19513865,1.1250608,-0.17120788,-2.1180077,-0.28691748,-0.052618705,0.35324368,-0.19700052,0.4417142,-0.3758067,-0.23579638,0.8949259,-0.7497725
599,-0.42876086,-0.80154526,0.0033228043,-0.16140307,0.65498817,0.9867792,-0.4831271,-0.5709915,0.31655565,-0.27565998,0.7678553,0.72449696,-1.4975291,0.75545293,1.4247986,0.30193445
600,-0.39439774,-0.73646766,-0.029032629,-0.039867785,0.6224463,1.0550134,-0.5360465,-0.43008026,0.37600985,-0.28987727,0.6485812,0.732321,-1.4804655,0.6013666,1.4823476,0.37159267
601,-0.38102803,-0.8576348,0.019107569,-0.24722567,0.70447916,1.0470799,-0.45014545,-0.4660292,0.39240584,-0.23779687,0.79673976,0.7261612,-1.4919598,0.83533865,1.4354005,0.33610675
602,-0.38751954,-0.7250924,-0.034207247,-0.0141078895,0.60583776,1.0236444,-0.5050289,-0.3948324,0.3926217,-0.2123811,0.6100763,0.70505834,-1.4098836,0.53532183,1.4330927,0.31940326
603,-0.36066288,-0.84362954,0.022993572,-0.22250423,0.7183974,1.042247,-0.4343383,-0.5264661,0.36154205,-0.24813154,0.7834435,0.733478,-1.4992266,0.83914506,1.477782,0.27064472
606,-0.6083124,2.3132536,4.4337363,-1.7958444,1.0499288,1.0234286,-0.20933236,1.0083141,1.2016279,-0.14418054,-0.89496815,-0.8099032,-0.3254575,0.41563168,-0.1191771,0.084493615
607,-0.57908064,2.1846066,4.5812078,-1.7219952,1.2796339,0.9552056,-0.3322042,1.1721584,1.2271575,-0.3250319,-0.9520268,-0.7255644,-0.31985784,0.5633369,-0.08361279,0.30598953
608,-0.6274551,2.1304412,4.5293226,-1.6429981,1.2369223,0.99462,-0.2324161,1.1810701,1.3513571,-0.117600776,-0.98151183,-0.85136986,-0.3422831,0.41602504,-0.042249087,0.26492196
609,-0.5153735,2.2748213,4.4488587,-1.7900649,1.1155374,0.89380723,-0.25876832,1.0304443,1.2799009,-0.08678128,-0.7902793,-0.8332605,-0.39964586,0.45465553,-0.011200885,0.22379415
611,-0.5534158,2.267481,4.441781,-1.7667823,1.1560425,0.89735025,-0.19017884,1.0289211,1.3372604,-0.12593329,-0.87330633,-0.8332831,-0.41024384,0.39675388,0.014097538,0.21122393
612,-0.6014423,2.3199215,4.4972925,-1.712522,1.2014353,1.0613691,-0.19724753,1.1102045,1.336313,-0.09808619,-0.8892518,-0.800893,-0.34850252,0.30382693,-0.052276634,0.21080585
615,-0.56251156,2.4151344,4.490359,-1.8038859,1.1333872,0.97049654,-0.3620787,0.95205784,1.1686643,-0.19354816,-0.8938269,-0.8182074,-0.3100993,0.31927714,-0.13850312,0.110436
616,-0.592253,2.3276842,4.427759,-1.8097229,0.99720055,0.9810617,-0.2656836,1.014354,1.2498889,-0.2325866,-0.9605703,-0.84982616,-0.36372936,0.33241192,-0.019118452,0.1466847
618,-0.49622503,2.478909,4.4985275,-1.7066026,1.1078926,0.9515844,-0.2830737,1.1138263,1.3164555,-0.117879234,-0.85284775,-0.9073022,-0.39462084,0.24471278,0.006465825,0.18576302
619,-0.5267562,2.3824975,4.507654,-1.8095871,1.0927528,0.9316247,-0.24613866,1.0575852,1.2792617,-0.06625785,-0.7549461,-0.8744074,-0.38170904,0.33650497,0.002947458,0.19638078
621,-0.55918074,2.341739,4.5145454,-1.8899599,1.1221792,0.92594814,-0.24018377,1.0293745,1.244226,-0.10374705,-0.7229139,-0.8531337,-0.35273868,0.3933922,0.095859066,0.20166454
622,-0.600087,2.2280328,4.4774976,-1.7702143,1.0384846,0.9936758,-0.23181629,1.0719969,1.3052313,-0.21244389,-0.784858,-0.86034214,-0.42729437,0.3423479,0.041921034,0.13306922
624,-0.5712487,2.3828294,4.4986267,-1.8381754,1.1588576,0.94236434,-0.22350653,0.9267555,1.2596067,-0.121913694,-0.72208,-0.7648445,-0.3480427,0.38317043,0.0014176545,0.07005115
625,-0.5507111,2.4074793,4.563847,-1.8673453,1.0509332,0.9831165,-0.23933533,0.9564509,1.1046052,-0.12163708,-0.7533965,-0.773087,-0.3833045,0.38682714,-0.025088564,0.07985597
626,-0.55103487,2.3892252,4.480747,-1.793654,1.0804095,0.974268,-0.18848993,1.0129718,1.3463991,-0.17574698,-0.8619405,-0.8246761,-0.42722574,0.22730893,0.081091486,0.12285053
627,-0.5806157,2.3363824,4.6108522,-1.8160698,1.0888443,0.9055611,-0.1711096,0.8540613,1.3529218,-0.1662924,-0.7671128,-0.62589014,-0.37818664,0.30657068,-0.057691876,0.012603792
628,-0.55890113,2.433052,4.5409484,-1.7456422,1.0065577,0.9703381,-0.19513981,0.94683254,1.2938408,-0.14239469,-0.93168867,-0.79280925,-0.4465859,0.29723316,0.06119006,0.047665533
630,-0.56561816,2.3962443,4.5217376,-1.8104879,0.98817694,0.95188665,-0.22286774,1.0243984,1.225225,-0.20096447,-0.8202704,-0.81686556,-0.44820556,0.29598007,0.053216834,0.15060997
633,-0.91057616,-0.86816496,-0.40276578,-0.79528016,0.8521803,0.9188998,-0.2697647,-0.3212338,0.092014715,0.271078,-0.8437475,-0.7406165,-1.7274387,-0.10052361,-0.5979571,0.45314056
634,-0.99671036,0.15297769,-0.34882697,-0.20878758,0.7041489,-0.2554136,1.0476581,-1.3219105,-0.100980565,-0.13432822,-1.8311123,-0.25100216,-1.7220916,0.84358597,-0.4629903,1.369124
635,-0.9992959,0.14060049,-0.3574553,-0.20894058,0.6915498,-0.26299787,1.0483493,-1.3161185,-0.20548144,-0.10190311,-1.8999317,-0.21256883,-1.7245318,0.7797005,-0.52120787,1.4098303
636,-0.97620565,0.12479625,-0.27677682,-0.23528713,0.7028506,-0.2952554,1.1367674,-1.3097429,-0.14365685,-0.10534534,-1.7897139,-0.24732651,-1.6967915,0.8474319,-0.5789669,1.3493024
637,-1.0092026,0.14458612,-0.3090015,-0.21277872,0.69272774,-0.29728436,1.0977639,-1.3135539,-0.13531053,-0.114762716,-1.842361,-0.25523925,-1.6680907,0.84482294,-0.5181504,1.3289824
638,-1.0192219,0.12973255,-0.34585077,-0.20842959,0.6797149,-0.29729563,1.1228285,-1.3049817,-0.1857528,-0.13008462,-1.833506,-0.23712146,-1.7219461,0.8370759,-0.55198145,1.3423507
641,-0.77670217,-1.0000173,1.7601902,0.9234294,-0.6826275,0.55508024,-0.5730195,-1.9811964,0.7679063,-0.11562837,-1.0759418,1.4084637,0.07012147,-1.1469201,-1.0137162,0.38160905
642,-0.77268004,-1.001392,1.6290852,0.95619595,-0.68331176,0.6506815,-0.52634925,-1.8904626,0.7234309,-0.2071779,-1.0899345,1.3781142,0.01585912,-1.1255065,-1.018513,0.49873874
643,-0.8320294,-1.036446,1.6423672,0.8594657,-0.74430275,0.6293218,-0.506353,-1.8201147,0.8230112,-0.18785764,-1.0950732,1.3502188,0.0138593195,-1.1370211,-1.0384854,0.5764706
644,-0.7477279,-0.92914754,1.510347,0.86274207,-0.6477238,0.6462036,-0.38330123,-1.7256857,0.7753542,-0.1410397,-1.1153364,1.413534,-0.031586494,-1.058226,-1.0089046,0.63446325
647,-0.5062385,3.2977026,-0.14263798,4.1255136,0.40634197,-0.33798915,-1.1414977,-0.96452224,0.9181268,-1.5487094,1.2942104,-0.5670249,-0.78527844,0.1815031,0.68113166,-0.45728257
648,-0.45694837,3.371235,-0.10185699,4.211821,0.4160556,-0.27033046,-1.0043633,-1.0364345,0.8177787,-1.6190323,1.1598604,-0.6509891,-0.7551358,0.081734285,0.7023776,-0.34468606
649,-0.445592,3.3583486,-0.21045719,4.1749363,0.4766852,-0.32244706,-1.0462073,-1.0505894,0.8022982,-1.5308481,1.247722,-0.71029705,-0.78180397,0.12555325,0.53366107,-0.59764737
651,-0.45994392,3.371555,-0.16406082,4.2849317,0.3194377,-0.27886978,-1.0629379,-1.0636407,0.85050696,-1.5398278,1.0437833,-0.67193806,-0.6637994,0.13042729,0.76886654,-0.4105643
654,-0.46171743,3.4247906,-0.15672055,4.25776,0.42622146,-0.32964227,-1.0106722,-1.084167,0.7879988,-1.5266731,1.2016889,-0.68127304,-0.77081597,0.08129788,0.56510687,-0.5553991
657,-0.45942083,3.3973658,-0.102931894,4.2512336,0.3580824,-0.30809152,-1.0366793,-1.0773518,0.7405461,-1.5814954,1.034731,-0.61004174,-0.676166,0.09682233,0.75906,-0.4156711
658,-0.4780119,3.3643243,-0.18291192,4.174351,0.43360838,-0.3258967,-1.0535052,-1.0258341,0.83031505,-1.5108827,1.3151491,-0.6022684,-0.78062224,0.15572818,0.56932247,-0.57971644
659,-0.4936699,3.298188,-0.1851441,4.096296,0.4855964,-0.31030616,-1.2056307,-0.9890842,0.8803094,-1.5712951,1.3198171,-0.69119364,-0.7242945,0.32150358,0.6546438,-0.5403781
660,-0.48070157,3.30466,-0.15974304,4.082327,0.49502206,-0.37266508,-1.2204347,-0.8812672,0.9856184,-1.4435657,1.4565628,-0.67048144,-0.8201991,0.3511491,0.5326246,-0.5962984
661,-0.48763826,3.3301032,-0.1397364,4.1329484,0.5003402,-0.31294534,-1.2069463,-0.800405,0.9014715,-1.5073899,1.448146,-0.7214962,-0.8268904,0.4121951,0.43009806,-0.72505707
662,-0.45589608,3.29448,-0.14805259,4.0890613,0.44791168,-0.3128231,-1.3388475,-0.80710727,0.9661532,-1.496109,1.4369798,-0.65527403,-0.8003998,0.4339045,0.49398357,-0.6807439
652,-0.43596226,3.4054575,-0.1340206,4.29959,0.45463285,-0.3662501,-0.9991677,-1.1506834,0.81695515,-1.5300889,1.1354481,-0.6451717,-0.72568995,-0.03650764,0.64831215,-0.50651866
653,-0.448363,3.4684546,-0.14611658,4.3192015,0.47970337,-0.37763146,-0.9516739,-1.2084548,0.77042955,-1.5978435,1.0721043,-0.6848751,-0.7389996,-0.13270189,0.70597327,-0.47091472
655,-0.44236496,3.4322865,-0.14142258,4.247139,0.4753019,-0.37489223,-1.0172002,-1.1866595,0.81182235,-1.491139,1.1174241,-0.67732906,-0.7174063,-0.035605717,0.63284755,-0.5224265
656,-0.4385248,3.430171,-0.1406207,4.2272167,0.458788,-0.3348424,-0.9707012,-1.1711131,0.74496657,-1.5287417,1.1002904,-0.6511621,-0.665742,-0.05877382,0.65479404,-0.50605637
667,-2.470646,-1.966435,0.9165575,-0.91411763,0.45231915,-1.0963188,-0.3938323,0.1785879,0.14784317,0.68439305,0.9306455,-0.7966741,1.3733063,-1.443808,-0.6518074,-1.0800269
668,-1.7323416,-2.478754,1.0724947,-0.25772786,0.37589785,-0.30978706,-0.5826003,0.87816817,0.5948803,1.0915233,1.4785438,-0.09706201,1.242154,-2.1065342,0.19957297,-1.5782214
672,-0.45135495,-0.7218946,-1.7760878,1.9910545,1.2544188,0.30221492,-1.8093846,2.4436445,0.21139416,1.4019113,-0.8483323,-2.2330132,1.3643154,-0.90406364,-0.48094448,2.7311563
673,-0.4453223,-0.7351756,-1.7830491,1.9948997,1.2230372,0.23660943,-1.7065972,2.3806336,0.27446288,1.4800209,-0.81136274,-2.26968,1.4104393,-0.94995207,-0.53102434,2.7189531
674,-0.3749357,-0.63374865,-2.01069,2.025132,1.2949113,0.3219487,-1.8671623,2.3414707,0.18849126,1.3413949,-0.88574207,-2.3422935,1.2718074,-1.0321496,-0.4808902,2.7462907
676,-0.410147,-0.6681374,-2.0308378,2.0381496,1.3783951,0.28097034,-1.9988047,2.3987768,0.17147544,1.2642232,-0.8923179,-2.35143,1.3323025,-1.0762047,-0.5113287,2.7546618
677,-0.4041593,-0.66218525,-2.024223,2.019626,1.316243,0.29302904,-1.9118975,2.3885212,0.20001747,1.2985014,-0.8751651,-2.3495865,1.3034103,-1.0629007,-0.49212196,2.745484
678,-0.38729766,-0.65289867,-1.9854729,2.0377326,1.3434653,0.3323824,-1.9785968,2.419869,0.16832007,1.2671648,-0.8617414,-2.402854,1.3410567,-1.0931655,-0.5280236,2.7573097
679,-0.41355273,-0.6829709,-1.9694362,2.0437036,1.3808376,0.32499745,-1.901153,2.4047227,0.1885925,1.2320687,-0.8730909,-2.3418043,1.3180729,-1.0645112,-0.50102675,2.802953
680,-0.4231627,-0.70544255,-2.0800765,2.0126803,1.3502856,0.26333493,-1.9960066,2.3916256,0.21032669,1.2677312,-0.8065812,-2.3196652,1.2726833,-1.115309,-0.47922993,2.7555559
681,-0.3892418,-0.6815739,-1.9985263,2.0108616,1.319113,0.3082588,-1.9349462,2.3628094,0.18829349,1.3000007,-0.8827402,-2.37329,1.3040113,-1.0375602,-0.4914093,2.7479875
682,-0.42305237,-0.6982454,-1.8484509,2.0010324,1.1195942,0.32472357,-1.7124455,2.386121,0.26399875,1.5199041,-0.8053234,-2.3076386,1.3508198,-0.8981656,-0.53046125,2.769085
687,-0.8817693,-0.339799,0.43221065,1.1418862,-2.0021148,-0.46225563,-0.8969181,-0.8776507,0.7900051,0.9150896,-0.9816467,-0.4897412,1.6345487,-0.107047684,-0.11461469,-0.59455544
688,-0.92548436,-0.4029437,0.4545344,1.1463729,-1.934149,-0.39043185,-0.8699418,-0.8154601,0.7598931,0.9213809,-0.9907857,-0.46200845,1.6662225,-0.059696008,-0.1292799,-0.6270028
689,-0.9064086,-0.3559325,0.47349963,1.1588433,-1.9108497,-0.38343143,-0.9157525,-0.7905891,0.73065996,0.9553621,-0.97643995,-0.5272702,1.6455112,-0.09342004,-0.14876282,-0.57109463
712,-0.8885529,-0.34573573,0.45815608,1.1854596,-1.972335,-0.44692773,-0.8978972,-0.8389185,0.802521,0.86250365,-0.96779877,-0.48322356,1.6558851,-0.08040277,-0.13131526,-0.6146687
713,-0.9143322,-0.3154726,0.40545398,1.145714,-1.8143526,-0.2929312,-0.88801736,-0.789863,0.73718566,0.93841225,-0.9701542,-0.46249962,1.6103902,-0.056192838,-0.13726762,-0.5447048
714,-0.8905047,-0.3576468,0.4754327,1.2011086,-1.953039,-0.39980292,-0.88550395,-0.89326966,0.81095845,0.8939866,-0.9765079,-0.46110824,1.7046118,-0.07459658,-0.081820376,-0.58523464
716,-0.95554376,-0.3492706,0.4485818,1.1442254,-1.852944,-0.30086842,-0.90356094,-0.81867766,0.7463744,1.0067031,-1.0388143,-0.49581835,1.6340822,-0.039288633,-0.10238788,-0.6300982
88,-0.28015998,-1.6778414,1.7379682,-0.14868918,-1.3762015,-1.4345452,-1.248051,-0.23427892,1.1387268,-0.23457092,1.3773184,-0.22155967,0.87237036,-0.32063276,-0.85534793,0.034766458
89,-0.27168435,-1.4870118,1.707998,-0.156809,-1.3591805,-1.4253966,-1.1270331,-0.21168397,1.0643606,-0.11861197,1.4293544,-0.113171585,0.85680145,-0.22062138,-0.8859909,0.06646407
90,-0.3241047,-1.6810393,1.7200642,-0.18399857,-1.3640219,-1.4454948,-1.2542965,-0.24276035,1.1346958,-0.1886717,1.3699813,-0.21510832,0.84672683,-0.32860872,-0.86207974,0.0019513764
91,-0.23935805,-1.5262747,1.7263256,-0.14570715,-1.3798548,-1.4548422,-1.1121876,-0.20940886,1.0738593,-0.088041164,1.3647023,-0.14035878,0.87631863,-0.22211224,-0.9102664,0.07530648
719,-0.36696064,-0.036604457,-1.0010297,0.72712463,0.45054504,-0.08046338,-0.11074044,-0.107212484,-0.81919193,-0.2994663,-0.28816095,-0.35304967,-0.5883808,0.17352656,-0.13954954,-0.40483013
720,-0.38933524,-0.08189702,-1.099654,0.73031265,0.42147776,-0.12293185,-0.100118466,-0.039275844,-0.8252429,-0.3192162,-0.28599513,-0.4057691,-0.5481415,0.19602923,-0.15127139,-0.44237152
722,-0.36736438,-0.00702166,-0.9885043,0.746269,0.46543398,-0.06611317,-0.12547089,-0.04397055,-0.8464393,-0.2957744,-0.40150672,-0.3983559,-0.5432105,0.19359073,-0.19582707,-0.39330536
723,-0.36366498,0.017956078,-1.027952,0.73003936,0.4405217,-0.110043876,-0.113550425,0.00508638,-0.83548766,-0.3485992,-0.3404289,-0.36763608,-0.5582585,0.1917996,-0.20890312,-0.3704714
724,-0.3725529,-0.05614342,-1.0286704,0.74470705,0.4674769,-0.048944414,-0.08191308,-0.08559448,-0.796511,-0.29429394,-0.3223779,-0.39520764,-0.53965205,0.22517598,-0.14841549,-0.3694893
725,-0.3816975,0.011229589,-1.0749096,0.7162864,0.43650275,-0.10300698,-0.09080667,-0.0038402409,-0.85296243,-0.2982969,-0.30073014,-0.38384652,-0.57341546,0.17505611,-0.20450585,-0.40185192
728,-0.37258488,-0.0037159484,-1.0098157,0.77022934,0.4748751,-0.05221774,-0.1220241,0.03339072,-0.82864285,-0.32534516,-0.3683629,-0.39957193,-0.55170745,0.26653543,-0.20353422,-0.29899544
732,-1.2193245,-1.9824086,-0.17572695,-0.81645185,-0.780813,0.5195566,-1.5464779,-1.3376439,0.09376405,-0.78843623,0.51301676,0.8732282,-0.79626,0.54783976,0.62821716,0.10901077
733,-1.2318536,-1.9594045,-0.19424994,-0.73055637,-0.7268446,0.46359113,-1.5236303,-1.3479586,0.065622814,-0.7844526,0.57170963,0.8767445,-0.7844829,0.5592279,0.62804884,0.12747365
734,-1.2273496,-1.9947779,-0.23739436,-0.8220129,-0.69425243,0.45597064,-1.5356488,-1.3495876,-0.020383058,-0.84891814,0.435057,0.90545154,-0.83791876,0.5802304,0.66770035,0.13304211
742,-1.6100491,-0.76600647,0.035772637,-1.5143601,0.6030222,0.22444409,-0.20245162,-0.81678236,0.6423617,-0.4153385,0.1650688,-0.12584098,0.844846,-1.9374386,1.2585609,0.29360855
743,-1.6720458,-0.77245957,0.030290617,-1.5689778,0.4795907,0.256438,-0.21469434,-0.79536396,0.60267806,-0.41269964,0.11494011,-0.17634517,0.8454722,-1.9207454,1.2049351,0.2983965
744,-1.5768411,-0.6695206,-0.009819147,-1.541645,0.52792877,0.1751085,-0.16871054,-0.8513992,0.6047891,-0.44552007,0.091417596,-0.1863925,0.8096979,-1.9189891,1.2038305,0.31627092
752,-0.23845142,-1.2679458,0.5915918,-0.19714555,-0.6126049,-0.01308968,-1.2214197,0.45977518,0.33223772,0.078355774,0.77704704,0.40634182,-0.24901266,0.040039107,0.67390704,-0.43572572
753,-0.28134605,-1.3414012,0.6163923,-0.18231997,-0.6907604,0.013147414,-1.2017424,0.42078707,0.32444587,0.10130741,0.8449191,0.41810927,-0.25566667,0.05126433,0.6746382,-0.47686434
754,-0.25269336,-1.3793596,0.6055271,-0.25385624,-0.6605048,-0.016980734,-1.1289558,0.37666562,0.37013116,0.11618625,0.862287,0.41271862,-0.32771927,-0.047794912,0.7135104,-0.5134701
757,-2.1597903,-0.7297545,0.21581818,-0.32473308,-2.2857292,1.0430088,-2.5493693,1.2565581,-0.9437227,-0.45419493,1.390778,0.85149056,-1.8249779,0.13154404,-0.27717838,1.0057199
758,-2.2955737,-0.85737073,0.24795717,-0.4642344,-2.2284832,1.0652206,-2.5096133,1.3330922,-0.952112,-0.5104447,1.3638428,0.9043497,-1.8250964,0.058064282,-0.18494219,1.0640572
759,-2.2240517,-0.8169213,0.22813366,-0.4977346,-2.2658641,1.0632664,-2.4837112,1.2905302,-0.9407357,-0.52210325,1.4057701,0.9117222,-1.7269783,0.22994836,-0.2824584,1.0253806
760,-2.2811685,-0.8680864,0.29712096,-0.46357423,-2.2169676,1.0875086,-2.500298,1.3271887,-1.0173907,-0.39261162,1.3584493,0.9520391,-1.8413793,0.040166326,-0.25445086,1.0018657
761,-2.3920913,-0.84288895,0.31007826,-0.39762643,-2.1895232,1.1247593,-2.4209592,1.2903004,-1.0090225,-0.5830838,1.3381784,0.8932693,-1.7067728,0.17324106,-0.29091015,1.0028247
762,-2.1535208,-0.7556238,0.2525289,-0.40480205,-2.311168,1.09328,-2.4368508,1.2092215,-0.9601067,-0.44745314,1.4477144,0.95830333,-1.7868718,0.15399194,-0.3529838,0.9552445
763,-2.4555857,-0.8062763,0.29331237,-0.34558356,-2.2193017,1.098875,-2.4584384,1.2845309,-0.9889163,-0.4773811,1.4184403,0.89717144,-1.8172494,0.003693286,-0.23424934,0.99719125
764,-2.4159625,-0.83867526,0.3442463,-0.3756616,-2.1870568,1.0851914,-2.4119241,1.3110948,-0.9805611,-0.5607236,1.3615656,0.92901134,-1.7662063,0.11734259,-0.25378123,0.95433635
768,-2.3245747,-0.77773374,0.23651771,-0.46234944,-2.256231,1.0165943,-2.546934,1.2447958,-1.0037496,-0.5007963,1.3877965,0.95515865,-1.7781605,0.11288228,-0.17949934,0.97851795
771,-0.6775352,-0.74620414,-0.70735765,-0.2528114,-0.51735246,-0.8025896,0.018259397,-0.22037932,-0.3250659,0.33633634,0.97210866,-0.16902067,-0.41051403,-1.2845163,0.2677576,-0.7599519
772,-0.71988404,-1.0643122,-0.568724,-0.42953017,-0.7263848,-1.1346896,0.42137817,-0.08101191,0.39249918,0.5143012,-0.2041275,-0.7044936,-0.9123072,-1.1977204,-0.087756544,-0.9120507
775,-1.0700049,-0.6597947,-0.20853049,-0.045290787,-0.25507933,-0.05781244,-0.30970278,0.32718197,-0.13855147,-0.29286703,-0.1700791,0.08663053,-0.018860336,-0.3576776,0.3510559,-0.24726315
776,-1.0459088,-0.45692146,0.03128679,-0.10274175,-0.17446835,-0.13494013,-0.22057828,-0.01610592,-0.38061544,-0.22815771,-0.26415136,-0.16088183,0.12927824,0.06019049,0.31507817,-0.43582997
782,-0.42018014,0.31631482,0.36776838,0.660449,-0.00894037,0.24918257,0.9165052,1.1484057,-1.1311753,1.7815431,1.4710542,1.8068073,0.17409621,3.6895614,-3.049664,0.8534551
783,-0.36870334,0.3263718,0.30685216,0.639997,-0.005208099,0.21469204,0.949094,1.093023,-1.174977,1.7181989,1.3479668,1.7902105,0.20211866,3.5888245,-3.0593588,1.0058017
784,-0.4238749,0.2811142,0.41697013,0.62096334,0.1033494,0.27945608,0.85060877,1.1440158,-1.135756,1.7369279,1.4644202,1.7933356,0.16178796,3.6579733,-3.035162,0.8734317
786,-0.3568258,0.28228444,0.3585259,0.5988521,0.03525104,0.22037256,0.9627753,1.1404947,-1.1336241,1.8034075,1.4233383,1.7577969,0.2080647,3.59273,-3.1181147,0.92747647
788,-0.40219283,0.17834948,0.38420525,0.50253695,-0.037395306,0.19829941,0.99916244,1.1516696,-1.1806694,1.7440928,1.3941231,1.8896364,0.20148782,3.6491137,-2.965735,0.9207053
789,-0.43551382,0.26336536,0.38473713,0.6198006,-0.015997978,0.25140986,0.8553875,1.1628003,-1.1689668,1.7077206,1.5061665,1.8739198,0.16089997,3.6578057,-2.975158,0.8852573
790,-0.45246893,0.23214272,0.4111471,0.56424576,-0.08577927,0.23744743,0.83638936,1.2431117,-1.1569642,1.617986,1.4473523,1.9053242,0.22833726,3.6883357,-2.970221,0.8855741
785,-0.35397854,0.34436786,0.264737,0.63978904,0.052985698,0.23435423,0.87878287,1.0905572,-1.2173418,1.7451657,1.3510659,1.8199592,0.14729276,3.6615663,-3.07443,0.9979677
794,-1.3048142,-0.7769759,-0.3135953,-0.5030461,-1.8011483,0.12209935,0.085437804,-0.9692994,0.8051581,-0.553292,-0.75486034,-0.1381018,-0.01918813,-0.898502,-0.10228546,-0.7128865
795,-1.1816787,-0.65667975,-0.37021273,-0.4526329,-1.7083471,0.03878399,0.1784489,-1.0098643,0.81201017,-0.47992137,-0.7678848,-0.061933108,0.011529311,-0.8429323,-0.21164799,-0.8049691
796,-1.1915244,-0.7795744,-0.4202911,-0.42588362,-1.7206643,0.101480156,0.23462994,-1.014751,0.7623359,-0.40265638,-0.72577536,-0.053177107,0.009734491,-0.8758792,-0.18330374,-0.7387891
809,-1.1304917,-0.84304065,0.5397231,-0.1271647,-0.7694059,-0.09450679,-0.84849477,-0.76017964,-0.41581914,0.07281626,1.016784,-1.5134683,0.054382548,-0.40512025,0.91972107,-1.1563147
811,-1.1377054,-0.8666832,0.51385474,-0.19969246,-0.75744915,-0.10086409,-0.8071258,-0.754661,-0.44714046,0.09776886,1.0040293,-1.4710954,0.07531952,-0.41026413,0.8810378,-1.0765783
812,-1.0798446,-0.8776935,0.5344812,-0.17701602,-0.64015436,-0.13926825,-0.8012799,-0.7822639,-0.38978037,0.09249905,0.9220957,-1.4814786,0.09043556,-0.39767754,0.8637737,-1.1026477
102,-0.9550599,-1.7854687,0.46615592,-2.628528,0.49189,1.2252467,-0.22415242,-0.058107805,-0.55788535,1.1285521,0.07779223,-0.47000235,-0.36051643,0.7114192,-0.38547137,-0.9664294
103,-0.83296925,-1.5784833,-0.6089788,-1.2495378,-1.1478372,0.47646657,-0.24440017,-0.62126243,-1.1860243,-0.11500103,-0.45994347,-0.4488147,0.67390877,-0.4914253,-0.3648478,-1.1128038
824,-1.5831518,-0.46994683,0.03606698,1.7594199,0.8726016,-1.4141185,2.107569,2.112142,1.2507604,-2.0999665,-0.42788938,1.0592586,1.4484487,-0.6133126,-2.1191745,-0.119191766
825,-1.6527873,-0.41486326,-0.003349705,1.7693129,0.85363954,-1.4904231,2.1621614,2.0767803,1.2540739,-2.0337436,-0.39708063,1.0140617,1.4415798,-0.6352769,-2.057463,-0.07648534
827,-1.6394393,-0.5011954,0.05610199,1.7110893,0.89066136,-1.4289948,2.127917,2.0435095,1.2949532,-2.0489662,-0.35634148,0.98840034,1.4613527,-0.5810986,-2.027759,-0.15013416
829,-1.6574013,-0.5000334,0.0932292,1.7126617,0.9898936,-1.3881086,2.1597404,2.0261593,1.2947224,-2.0546935,-0.32825583,0.97235054,1.4174392,-0.6714668,-2.123004,-0.16022898
830,-1.732546,-0.5096453,0.033785403,1.7544618,0.8851015,-1.4434334,2.2045012,2.0449152,1.3093435,-2.0626063,-0.25997844,0.92885643,1.4486898,-0.5534512,-2.0638988,-0.13382089
831,-1.7173358,-0.44531316,0.07104445,1.7328241,0.86358535,-1.4268537,2.1721604,2.0259311,1.328366,-2.0467439,-0.340131,0.95667154,1.498541,-0.6193869,-2.1343231,-0.07860351
832,-1.6735495,-0.51876956,-0.058799867,1.792159,0.8693431,-1.3883159,2.1987412,2.1083632,1.2230036,-2.1122773,-0.38825566,1.0313251,1.4751102,-0.5915393,-1.9972162,-0.13655451
835,-1.6692302,-0.43880185,-0.13485056,1.8354635,0.8734732,-1.463091,2.1898234,2.2015862,1.0863264,-2.1311007,-0.459038,1.0881038,1.4374335,-0.63209885,-2.0058072,-0.05564202
838,-1.7675024,-0.48547697,-0.22461998,1.9550807,0.74547136,-1.5106297,2.2280517,2.2513824,1.1372502,-2.1679502,-0.46460572,1.1548915,1.493073,-0.6421872,-1.970346,-0.06585906
840,-1.6705233,-0.39960125,-0.1617228,1.804867,0.7490352,-1.4224904,2.1308322,2.0503113,1.114647,-2.0765269,-0.42861235,1.1162632,1.4112979,-0.5937562,-1.9291598,0.02609714
843,-0.41062605,-1.5755776,0.7314719,-0.36945203,-0.5059087,0.19911988,-0.6372235,0.9150824,-1.5187285,0.55784285,-0.3386352,0.08825848,0.24395412,0.11804087,0.9875686,1.140364
844,-0.493228,-1.5418323,0.7171605,-0.26948604,-0.43084133,0.17113438,-0.5563693,0.8437739,-1.499454,0.5158344,-0.35652557,0.021709295,0.24772923,0.17284591,1.0247649,1.1402525
845,-0.4912797,-1.59558,0.64303505,-0.3472088,-0.46534005,0.16304359,-0.5913066,0.83285266,-1.4704064,0.5783967,-0.3894975,-0.021455325,0.24453427,0.2228989,0.9755045,1.1228921
848,-0.97391486,-0.8304196,-0.04566722,0.27503237,0.59754014,-0.35086578,-1.4514945,0.14612499,-0.8815765,-0.64331394,-0.4372809,-0.19395472,-0.6584725,-0.21276018,1.1680313,-0.43954843
849,-0.9508817,-0.7236962,0.321227,0.0034393806,0.4525942,-0.30196986,-1.0701067,0.36062437,-1.2241774,-0.3149992,0.22843497,-0.042577256,-1.1060361,-0.8872185,1.3954198,-0.7070414
852,-0.5370271,0.37511685,0.30792582,0.1949797,-0.2511483,-0.33882624,-1.2921463,-0.74885815,-0.8314819,-0.42946392,-0.6168533,0.9532203,3.1608043,0.80967915,2.1493402,0.3117981
853,-0.54121655,0.32686356,0.3203877,0.21453936,-0.250164,-0.41402134,-1.333212,-0.83486557,-0.7938099,-0.48591354,-0.5034634,0.889212,3.0381482,0.8551945,2.1213615,0.33010668
854,-0.54347163,0.40864596,0.29940844,0.16450264,-0.27870965,-0.27386594,-1.3612218,-0.78873235,-0.82880604,-0.41400993,-0.59848934,0.8999666,3.12493,0.74143887,2.1010647,0.3337852
855,-0.5801553,0.302046,0.32752445,0.20006962,-0.23176882,-0.43498468,-1.2853338,-0.7812989,-0.8080894,-0.5470591,-0.46689293,0.9397772,3.0766952,0.92109764,2.0620136,0.41280442
856,-0.5525995,0.25440556,0.33863956,0.18809348,-0.21216345,-0.42980716,-1.3047239,-0.8085276,-0.77322006,-0.4709457,-0.46262679,0.9396533,3.0505724,0.9268067,2.0811934,0.34937802
858,-0.5387226,0.26868114,0.33265227,0.21585251,-0.1770942,-0.39580578,-1.2865714,-0.8121917,-0.79388934,-0.48390505,-0.48790267,0.9339762,3.0386739,0.8960026,2.0400167,0.39917788
861,-0.5193737,-0.61787724,-0.1685144,-0.45291457,-0.28183964,-0.7490131,-0.17718363,-0.17475608,-0.8857328,-0.056416143,0.12606928,-1.3204305,-0.41130972,0.715662,1.0233177,0.030868782
862,-0.48717842,-0.6660132,-0.08156411,-0.49458674,-0.24045117,-0.71276885,-0.22554737,-0.17033298,-0.91622907,-0.009980065,0.10988645,-1.3640325,-0.3878775,0.7071452,0.96032053,0.064873196
863,-0.4338184,-0.6018733,-0.094059885,-0.4985976,-0.25186858,-0.7026184,-0.19552685,-0.1623142,-0.88417995,-0.0016978481,0.11235364,-1.2974557,-0.41695473,0.7172339,0.9469894,0.09384856
106,-0.37732446,3.1022778,-1.1088758,-1.807278,-1.4927849,-3.679001,-1.4281988,0.4733933,-1.0509017,0.91049224,-0.6158477,0.44070578,0.084808104,-0.31773078,-0.9865316,-0.5979407
107,-0.3792279,3.0688171,-1.119162,-1.8582133,-1.3237121,-3.7577474,-1.4671694,0.49558634,-0.95380753,0.9348435,-0.4125821,0.45475757,0.21944067,-0.24292117,-1.0517035,-0.55122256
108,-0.38568687,3.0432932,-1.0538431,-1.6936287,-1.5572416,-3.712411,-1.3380625,0.51831096,-0.90210474,0.9407656,-0.62665373,0.40132818,0.057337143,-0.23469968,-0.89580804,-0.6026645
109,-0.33820143,3.165017,-1.1469358,-1.7752806,-1.4709908,-3.7230911,-1.2935909,0.45638093,-1.0328716,0.925147,-0.6065637,0.2975641,0.08789221,-0.1538365,-1.1519344,-0.5744834
110,-0.37331653,3.082222,-1.1015631,-1.7874213,-1.5651857,-3.6119304,-1.4010663,0.45115182,-0.9996411,0.890521,-0.62421924,0.30301255,0.020861275,-0.09615774,-1.0509493,-0.57888514
111,-0.3309783,3.1359975,-1.16346,-1.8041956,-1.3860034,-3.724635,-1.2845954,0.46727666,-1.0226672,0.8556715,-0.60003406,0.31183702,0.18232028,-0.16485022,-1.1362869,-0.5442378
112,-0.3121413,3.126833,-1.167415,-1.745741,-1.3603786,-3.6820445,-1.2931463,0.38077432,-0.9863054,0.93297964,-0.5212119,0.34125677,0.20617558,-0.20402776,-1.1524997,-0.5903348
115,-0.3689318,3.0555634,-1.2326971,-1.7142593,-1.3375831,-3.724736,-1.3124647,0.46043906,-0.98331416,1.0163058,-0.50628895,0.4100833,0.17833099,-0.21273434,-1.13421,-0.71739185
116,-0.3322817,3.2017357,-1.1779389,-1.7847911,-1.4348067,-3.7418787,-1.3285888,0.4785501,-0.85914004,0.9776488,-0.4014534,0.4693937,0.2587662,-0.3278634,-1.1125998,-0.6551771
117,-0.37216282,3.1223109,-1.1561273,-1.9085889,-1.3250296,-3.750269,-1.4652365,0.51841754,-0.9345182,0.9722579,-0.38851193,0.43304268,0.21378349,-0.29627344,-1.0147918,-0.5697514
118,-0.35762933,3.2044933,-1.1193194,-1.869519,-1.4253496,-3.7028134,-1.4935668,0.5262888,-0.95318276,0.9016484,-0.37174717,0.516336,0.17236565,-0.3801743,-1.0446059,-0.63366985
119,-0.32277852,3.1758485,-1.1100396,-1.9687028,-1.3233963,-3.7655356,-1.4437484,0.42771634,-0.878277,0.9686518,-0.3434094,0.4513236,0.29134572,-0.24908909,-1.0669936,-0.5128999
120,-0.3717751,3.163102,-1.1384578,-1.9294773,-1.3821757,-3.678645,-1.4085386,0.46852902,-0.9305444,0.93418384,-0.42523,0.47648758,0.1250727,-0.42132166,-1.0158613,-0.6268276
121,-0.3168315,3.13937,-1.0911489,-1.9148403,-1.3244588,-3.7210157,-1.4651344,0.45621663,-0.8773585,0.9153153,-0.3550813,0.4723016,0.28952307,-0.2693791,-1.0914549,-0.54504716
124,-0.83711857,0.37406546,0.49012017,-0.017965294,-0.31620726,-0.6368338,-0.9636113,-2.2654514,-0.72503805,-0.51031137,-1.0178573,0.6445172,1.0741782,0.77411747,-1.5927932,0.25728723
125,-0.8296663,0.34668034,0.48027724,-0.08152068,-0.21728326,-0.6465988,-0.99970716,-2.2050376,-0.7609798,-0.5058242,-1.032003,0.6183415,1.0624259,0.7724922,-1.6405709,0.2395195
126,-0.890158,0.36123535,0.49144056,-0.083766,-0.23001379,-0.62926877,-0.96281826,-2.156187,-0.703379,-0.48184618,-0.9910638,0.7021568,1.011683,0.76920414,-1.5353985,0.2758004
127,-0.87542015,0.40083417,0.42159817,-0.05147282,-0.29061002,-0.6490255,-0.90868837,-2.1389263,-0.7583279,-0.54257613,-0.89276135,0.6895764,1.0487972,0.86172205,-1.5464735,0.2703654
128,-0.8527456,0.35058212,0.5192721,-0.053561226,-0.26430604,-0.6487766,-0.9819431,-2.240646,-0.6991419,-0.46999428,-0.96256,0.59336907,1.0253173,0.7544295,-1.579637,0.22020325
129,-0.8649094,0.35502166,0.4472244,-0.11937608,-0.255455,-0.7046532,-0.9789733,-2.1543941,-0.684637,-0.5307202,-0.9204135,0.6520827,1.0907692,0.7712568,-1.5669726,0.26758727
132,-0.24015984,-0.32132223,-0.30354887,-0.5480832,-0.2363243,-0.05326747,-1.2075232,1.0240492,0.20289458,-0.6428408,-0.009845321,0.3727185,-0.45262215,0.7127105,0.5671616,0.040998578
133,-0.25720465,-0.3323561,-0.3586932,-0.5602408,-0.22190945,-0.039974485,-1.2123634,1.0480813,0.22163503,-0.61699724,-0.053878326,0.3447883,-0.41417181,0.68145007,0.56842816,0.027741726
134,-0.22713168,-0.37642995,-0.35394508,-0.54414546,-0.21605751,0.026532559,-1.2469223,1.0432545,0.28062257,-0.6737521,0.00065337337,0.37528044,-0.5028521,0.65855986,0.55138254,0.08193489
135,-0.24151792,-0.40438077,-0.39240906,-0.5550406,-0.20841995,0.03570378,-1.2362123,1.0679626,0.28102985,-0.62276155,-0.034177177,0.36325935,-0.46451503,0.6292565,0.56113976,0.05187503
