Name_Ext_Mtd,Con_LOC,CON_LOCAL,CON_LITERAL,CON_INVOCATION,CON_IF,CON_CONDITIONAL,CON_SWITCH,CON_VAR_ACC,CON_TYPE_ACC,CON_FIELD_ACC,CON_ASSERT,CON_ASSIGN,CON_TYPED_ELE,CON_PACKAGE,LOC_Extracted_Method,Num_local,Num_Literal,Num_Invocation,Num_If,Num_Conditional,Num_Switch,Num_Var_Ac,Num_Type_Ac,Num_Field_Ac,Num_Assign,Num_Typed_Ele,Num_Package,ratio_LOC,Ratio_Variable_Access,Ratio_Variable_Access2,VarAc_Cohesion,VarAc_Cohesion2,Ratio_Field_Access,Ratio_Field_Access2,Field_Cohesion,Field_Cohesion2,Ratio_Invocation,Invocation_Cohesion,Ratio_Type_Access,Ratio_Type_Access2,TypeAc_Cohesion,TypeAc_Cohesion2,Ratio_Typed_Ele,TypedEle_Cohesion,Ratio_Package,Ratio_Package2,Package_Cohesion,Package_Cohesion2
createCellSignalTable,18,7,1,11,0,0,0,43,26,25,0,0,276,345,3,1,1,1,0,0,0,4,2,2,0,30,37,0.14285714285714285,1.0,0.0,0.0,0.0,1.0,0.0,0.0,0.0,1.0,0.0,0.10526315789473684,0.0,1.0,0.0,1.0,0.0,0.11020408163265306,0.0,1.0,0.0
createOpenCellIDTable,18,8,1,10,0,0,0,44,27,27,0,0,299,366,3,0,0,2,0,0,0,3,1,0,0,7,16,0.14285714285714285,1.0,0.16666666666666666,0.0,0.5,0.0,0.0,0.0,0.0,1.0,0.0,0.05263157894736842,0.0,0.5,0.0,1.0,0.0,0.07042253521126761,0.0,1.0,0.0
createDefaultMCCTable,17,7,1,10,0,0,0,41,26,25,0,0,267,331,4,1,1,2,0,0,0,6,2,2,0,39,51,0.19047619047619047,1.0,0.16666666666666666,0.5,0.5,0.5,0.0,0.0,0.0,1.0,0.5,0.10526315789473684,0.0,0.5,0.0,1.0,0.5,0.1469387755102041,0.09859154929577464,1.0,1.0
createLocationTable,4,1,1,3,0,0,0,14,11,10,0,0,67,79,17,7,1,9,0,0,0,33,17,17,0,247,303,0.8095238095238095,1.0,0.75,0.0,0.5,1.0,0.6666666666666666,0.0,0.0,1.0,0.0,1.0,0.7894736842105263,0.0,0.5,1.0,0.5,1.0,0.8693877551020408,0.0,1.0
createSilentSmsTable,13,5,1,8,0,0,0,33,22,21,0,0,203,251,8,3,1,4,0,0,0,14,6,6,0,105,131,0.38095238095238093,1.0,0.3333333333333333,0.0,0.5,1.0,0.0,0.0,0.0,1.0,0.0,0.3157894736842105,0.0,0.5,0.0,1.0,0.0,0.39183673469387753,0.2676056338028169,1.0,1.0
createCellTable,8,2,1,6,0,0,0,22,15,14,0,0,118,150,13,6,1,6,0,0,0,25,13,13,0,193,232,0.6190476190476191,1.0,0.0,0.0,0.0,1.0,0.0,0.0,0.0,1.0,0.0,1.0,0.5789473684210527,0.0,0.5,1.0,0.5,1.0,0.6857142857142857,0.0,1.0
createEventLogTable,5,1,1,4,0,0,0,16,12,11,0,0,75,93,16,7,1,8,0,0,0,31,16,16,0,238,289,0.7619047619047619,1.0,0.6666666666666666,0.0,0.5,1.0,0.3333333333333333,0.0,0.0,1.0,0.0,1.0,0.7368421052631579,0.0,0.5,1.0,0.0,1.0,0.8448979591836735,0.0,1.0
convertPemKeyPair,7,2,1,1,1,0,0,2,2,1,0,0,11,20,15,3,1,8,3,0,0,15,5,1,0,45,83,0.6818181818181818,1.0,1.0,0.0,0.0,1.0,0.0,0.0,0.0,1.0,0.0,1.0,0.0,0.0,0.0,1.0,0.0,1.0,1.0,0.0,1.0
resolveFormEncoding,54,12,1,46,7,0,0,54,26,7,0,2,174,248,2,0,0,2,0,0,0,2,2,0,1,7,11,0.03571428571428571,0.3333333333333333,0.0,0.0,0.0,0.0,0.0,0.0,0.0,1.0,0.0,1.0,0.0,0.0,0.0,1.0,0.0,1.0,0.13333333333333333,0.0,0.0
getProbe,24,9,1,14,4,1,0,22,4,0,0,1,65,79,3,1,0,2,0,0,0,3,1,0,0,7,13,0.1111111111111111,1.0,0.5,0.08333333333333333,0.08333333333333333,0.0,0.0,0.0,0.0,1.0,0.08333333333333333,1.0,0.0,0.08333333333333333,0.0,1.0,0.08333333333333333,1.0,0.0,0.08333333333333333,0.0
failedSubscribe,8,0,0,1,2,0,0,5,2,2,0,1,14,23,2,0,0,1,0,0,0,2,2,2,0,7,8,0.2,1.0,0.0,0.0,0.0,1.0,0.0,0.0,0.0,1.0,0.0,0.6666666666666666,0.0,0.0,0.0,1.0,0.0,0.4,0.0,1.0,0.0
setMaxHeight,2,0,0,0,0,0,0,3,2,2,0,1,7,14,5,0,1,12,0,0,0,4,8,4,0,32,29,0.7142857142857143,0.6666666666666666,0.0,1.0,0.0,0.6666666666666666,0.0,1.0,0.0,1.0,1.0,1.0,0.7142857142857143,0.0,1.0,1.0,1.0,1.0,0.6388888888888888,0.0,1.0
addCoursesFromStepic,17,5,1,10,2,0,0,14,6,4,0,0,45,82,2,0,0,1,0,0,0,0,1,0,0,2,4,0.10526315789473684,0.0,0.0,0.0,0.0,0.0,0.0,0.0,0.0,1.0,0.0,1.0,0.0,0.0,0.0,1.0,0.0,0.0,0.0,0.0,0.0
canBinaryExpressionBeUnboxed,56,17,0,20,13,0,0,49,17,0,0,1,145,161,2,1,0,1,0,0,0,1,0,0,0,3,5,0.034482758620689655,0.5,0.0,0.0,0.0,0.0,0.0,0.0,0.0,1.0,0.0,0.0,0.0,0.0,0.0,1.0,0.0,0.0,0.0,0.0,0.0
buildFQuery,0,0,0,0,0,0,0,0,0,0,0,0,0,0,13,0,1,7,2,0,0,16,7,7,0,41,89,1.0,1.0,1.0,1.0,0.2,1.0,0.0,0.2,0.0,1.0,0.2,1.0,0.0,0.4,0.0,1.0,0.4,1.0,0.0,0.4,0.0
removeNodes,3,1,0,1,1,0,0,2,1,0,0,0,6,10,13,2,1,6,3,0,0,13,10,7,1,45,66,0.8125,1.0,1.0,0.6666666666666666,0.3333333333333333,1.0,0.0,0.3333333333333333,0.0,1.0,0.3333333333333333,1.0,0.0,0.6666666666666666,0.0,1.0,0.6666666666666666,1.0,0.0,1.0,0.0
addAdditionalLoggingHandler,6,1,0,2,0,0,0,6,5,4,0,0,15,28,2,0,0,1,0,0,0,3,1,1,0,6,18,0.25,1.0,0.5,0.0,0.3333333333333333,0.5,0.0,0.3333333333333333,0.0,1.0,0.0,0.2,0.0,1.0,0.0,1.0,0.0,1.0,0.6666666666666666,0.0,0.3333333333333333
canonicalizePath,41,5,1,33,10,0,0,54,20,8,0,6,161,296,2,1,0,1,0,0,0,1,1,0,0,4,7,0.046511627906976744,0.08333333333333333,0.0,0.75,0.0,0.0,0.0,0.0,0.0,1.0,0.0,1.0,0.0,0.0,0.0,1.0,0.0,1.0,0.2222222222222222,0.0,0.0
readSynchResult,117,20,1,49,13,1,2,82,27,5,0,10,252,311,2,0,0,2,0,0,0,2,0,0,0,4,6,0.01680672268907563,0.2,0.0,0.4,0.0,0.0,0.0,0.0,0.0,0.3333333333333333,0.2,0.0,0.0,0.0,0.0,0.3333333333333333,0.2,0.11538461538461539,0.0,0.4,0.0
internalAddEntry,23,2,0,7,4,0,0,15,8,7,0,2,42,62,1,0,0,1,0,0,0,0,0,0,0,1,2,0.041666666666666664,0.0,0.0,0.0,0.0,0.0,0.0,0.0,0.0,1.0,0.0,0.0,0.0,0.0,0.0,1.0,0.0,0.4,0.0,0.0,0.0
getClient,14,5,0,12,0,0,0,21,5,4,0,1,47,98,2,0,0,1,0,0,0,2,0,0,0,3,6,0.125,0.3333333333333333,0.25,0.2,0.3,0.0,0.0,0.0,0.0,0.5,0.1,0.0,0.0,0.0,0.0,0.5,0.1,0.12,0.0,0.4,0.0
runPausedMode,5,2,1,9,0,0,0,7,11,5,0,0,31,43,3,0,1,4,0,0,0,2,2,0,0,9,10,0.375,0.6666666666666666,0.0,0.375,0.0,0.0,0.0,0.0,0.0,1.0,0.125,1.0,0.5,0.125,0.25,1.0,0.125,0.5,0.0,0.25,0.0
createGogsWebhook,3,0,1,1,1,0,0,2,3,2,0,1,8,13,43,12,1,27,5,0,0,54,19,13,2,181,257,0.9347826086956522,1.0,1.0,0.2631578947368421,0.2631578947368421,1.0,0.0,0.0,0.0,1.0,0.15789473684210525,1.0,1.0,0.10526315789473684,0.05263157894736842,1.0,0.2631578947368421,1.0,1.0,0.5263157894736842,0.05263157894736842
addEntityScanBeanPostProcessor,0,0,0,0,0,0,0,0,0,0,0,0,0,0,9,1,1,8,1,0,0,11,5,3,0,29,53,1.0,1.0,1.0,0.8333333333333334,0.16666666666666666,1.0,0.0,0.16666666666666666,0.0,1.0,0.0,1.0,0.0,0.3333333333333333,0.0,1.0,0.8333333333333334,1.0,0.0,0.5,0.0
extendRecordBaseClass,11,2,0,18,0,0,0,22,8,3,0,0,50,133,4,0,1,3,1,0,0,3,1,0,0,10,16,0.26666666666666666,0.5,0.0,0.0,0.0,0.0,0.0,0.0,0.0,1.0,0.0,0.1111111111111111,0.0,1.0,0.0,1.0,0.0,0.46153846153846156,0.0,0.0,0.0
extendWrappingMapBaseClass,16,4,1,24,1,0,0,28,13,4,0,0,71,180,2,0,0,2,0,0,0,3,0,1,0,5,11,0.1111111111111111,1.0,0.09090909090909091,0.0,1.0,1.0,0.0,0.0,0.0,1.0,0.0,0.0,0.0,0.0,0.0,1.0,0.0,0.03636363636363636,0.0,1.0,0.0
extendUnionBaseClass,18,6,1,24,1,0,0,32,16,7,0,0,83,180,4,0,1,7,1,0,0,6,3,0,0,21,37,0.18181818181818182,1.0,0.0,0.0,0.0,0.0,0.0,0.0,0.0,1.0,0.0,0.3,0.0,1.0,0.0,1.0,0.0,1.0,0.0,0.0,0.0
extendWrappingArrayBaseClass,15,4,1,23,1,0,0,27,12,4,0,0,68,171,2,0,0,2,0,0,0,3,0,1,0,5,11,0.11764705882352941,1.0,0.1,0.0,1.0,1.0,0.0,0.0,0.0,1.0,0.0,0.0,0.0,0.0,0.0,1.0,0.0,0.0392156862745098,0.0,1.0,0.0
isInMembersList,29,4,1,14,8,0,0,23,5,9,0,0,68,88,2,0,1,1,0,0,0,1,0,1,0,3,4,0.06451612903225806,0.16666666666666666,0.0,0.0,0.0,0.16666666666666666,0.0,0.0,0.0,1.0,0.0,0.0,0.0,0.0,0.0,1.0,0.0,0.05128205128205128,0.034482758620689655,0.0,0.6666666666666666
from,32,6,0,18,8,0,0,24,9,1,0,1,77,179,8,2,1,4,1,0,0,9,1,0,0,24,40,0.2,1.0,0.6666666666666666,0.08333333333333333,0.16666666666666666,0.0,0.0,0.0,0.0,1.0,0.08333333333333333,0.5,0.0,0.16666666666666666,0.0,1.0,0.08333333333333333,0.24324324324324326,0.0,0.4166666666666667,0.0
has,1,0,0,0,0,0,0,0,0,0,0,0,1,0,5,1,0,4,1,0,0,3,4,2,0,14,34,0.8333333333333334,1.0,0.0,1.0,0.0,1.0,0.0,1.0,0.0,1.0,0.0,1.0,0.0,0.0,0.0,1.0,0.0,0.0,0.0,0.0,0.0
has,4,0,0,3,1,0,0,2,3,1,0,0,9,13,2,1,0,2,0,0,0,2,3,2,0,9,16,0.3333333333333333,1.0,0.5,0.0,1.0,1.0,0.5,0.0,1.0,1.0,0.0,1.0,0.5,0.0,0.0,1.0,0.0,1.0,0.0,0.0,0.0
getDevices,58,11,1,33,8,0,0,45,23,10,0,4,149,246,2,0,1,1,0,0,0,2,2,1,0,8,14,0.03333333333333333,1.0,0.5,0.0,0.0,1.0,0.0,0.0,0.0,1.0,0.0,1.0,0.5,0.0,0.0,1.0,0.0,0.5,0.0,0.0,0.0
parseFormalParameterList,39,8,0,31,7,0,0,23,42,2,0,7,123,178,5,1,1,3,1,0,0,1,5,0,0,14,19,0.11363636363636363,1.0,0.0,0.16666666666666666,0.0,0.0,0.0,0.0,0.0,1.0,0.16666666666666666,1.0,0.1,0.16666666666666666,0.8333333333333334,1.0,0.16666666666666666,0.42857142857142855,0.12396694214876033,0.3333333333333333,0.8333333333333334
load,6,2,1,7,0,0,0,13,14,11,0,1,50,77,2,0,0,1,0,0,0,1,1,1,0,4,5,0.25,0.2,0.0,0.5714285714285714,0.0,0.2,0.0,0.5714285714285714,0.0,1.0,0.14285714285714285,0.2,0.0,0.5714285714285714,0.0,1.0,0.14285714285714285,0.2,0.1111111111111111,0.5714285714285714,0.8571428571428571
signatureBaseString,10,4,0,10,0,0,0,16,8,1,0,0,40,131,2,1,0,1,0,0,0,2,1,1,0,6,8,0.16666666666666666,1.0,0.0,0.0,0.0,1.0,0.0,0.0,0.0,1.0,0.0,0.3333333333333333,0.0,0.2222222222222222,0.0,1.0,0.0,0.6,0.29411764705882354,0.0,0.3333333333333333
getBoolean,18,2,1,13,2,0,0,21,16,11,1,3,61,109,2,1,0,1,0,0,0,2,1,1,0,6,14,0.1,1.0,0.0,0.0,0.0,1.0,0.0,0.0,0.0,1.0,0.0,0.07142857142857142,0.0,1.0,0.0,1.0,0.0,0.26666666666666666,0.0,0.0,0.0
has,15,3,1,9,2,0,0,15,11,6,1,0,44,82,5,0,0,5,0,0,0,8,6,6,3,28,41,0.25,1.0,0.0,0.0,0.0,1.0,0.0,0.0,0.0,1.0,0.0,0.42857142857142855,0.0,1.0,0.0,1.0,0.0,1.0,0.54,0.0,1.0
handleInputStreamMessage,65,10,1,24,6,0,0,48,16,11,0,2,138,267,2,0,1,1,0,0,0,3,0,0,0,5,3,0.029850746268656716,0.25,0.125,1.0,1.0,0.0,0.0,0.0,0.0,0.5,1.0,0.0,0.0,0.0,0.0,0.5,1.0,0.0,0.0,0.0,0.0
cryptoOperation,30,5,0,15,4,0,0,23,12,1,0,0,73,93,3,1,0,2,0,0,0,2,2,0,0,8,11,0.09090909090909091,1.0,0.5,0.1,0.1,0.0,0.0,0.0,0.0,1.0,0.1,1.0,0.0,0.1,0.0,1.0,0.1,1.0,0.0,0.1,0.0
replayRemoteTransactionIfNeeded,29,3,1,21,8,0,0,33,13,12,0,2,83,164,9,1,1,4,2,0,0,9,4,4,0,25,42,0.23684210526315788,1.0,0.0,0.0,0.0,1.0,0.0,0.0,0.0,1.0,0.0,0.23529411764705882,0.0,0.6666666666666666,0.0,1.0,0.0,1.0,0.2542372881355932,0.0,1.0
assertNoTransactions,13,2,1,6,1,0,0,9,2,1,0,0,33,22,2,1,0,2,0,0,0,1,1,0,0,6,5,0.13333333333333333,0.2,0.0,0.0,0.0,0.0,0.0,0.0,0.0,1.0,0.0,0.3333333333333333,0.0,1.0,0.0,1.0,0.0,0.5,0.23076923076923078,1.0,1.0
eventually,15,2,1,6,2,0,0,11,5,2,0,0,35,53,2,0,0,2,0,0,0,1,1,0,0,4,8,0.11764705882352941,0.5,0.0,0.5,0.0,0.0,0.0,0.0,0.0,1.0,0.0,1.0,0.0,0.5,0.0,1.0,0.0,1.0,0.0,0.5,0.0
verifyRemoteTransaction,28,6,1,23,5,0,0,31,8,8,0,0,80,138,2,0,1,2,0,0,0,4,1,1,0,10,15,0.06666666666666667,0.3333333333333333,0.0,0.25,0.0,0.3333333333333333,0.0,0.25,0.0,1.0,0.0,0.1111111111111111,0.0,0.5,0.0,1.0,0.0,0.3333333333333333,0.08333333333333333,0.25,0.875
createRollbackRpcOptions,8,5,0,8,1,1,0,14,5,5,0,0,33,76,2,0,0,1,0,0,0,2,0,0,0,3,13,0.2,0.3333333333333333,0.0,0.0,0.0,0.0,0.0,0.0,0.0,1.0,0.0,0.0,0.0,0.0,0.0,1.0,0.0,0.42857142857142855,0.0,0.0,0.0
validateLongValue,8,1,0,3,1,0,0,9,3,0,0,0,20,48,2,1,0,1,0,0,0,2,1,1,0,6,14,0.2,1.0,0.0,0.0,0.0,1.0,0.0,0.0,0.0,1.0,0.0,0.3333333333333333,0.0,1.0,0.0,1.0,0.0,1.0,0.25,0.0,1.0
validateIntegerValue,6,2,0,3,0,0,0,5,3,1,0,0,14,37,4,0,0,1,1,0,0,6,1,0,0,12,25,0.4,1.0,0.0,0.5,0.0,0.0,0.0,0.0,0.0,0.5,1.0,0.3333333333333333,0.0,1.0,0.0,1.0,0.5,0.4375,0.0,1.0,0.0
validateLongValue,5,1,0,2,0,0,0,3,2,1,0,0,9,20,2,0,0,1,0,0,0,2,1,0,0,5,17,0.2857142857142857,1.0,0.0,1.0,0.0,0.0,0.0,0.0,0.0,1.0,1.0,0.5,0.0,1.0,0.0,1.0,1.0,0.5555555555555556,0.0,1.0,0.0
getPluginMetrics,6,2,1,9,0,0,0,5,7,2,0,0,24,51,3,0,0,2,0,0,0,1,1,0,0,5,6,0.3333333333333333,1.0,0.0,0.0,0.0,0.0,0.0,0.0,0.0,1.0,0.0,0.2,0.0,0.25,0.0,1.0,0.0,0.3333333333333333,0.21428571428571427,0.0,0.25
openPostInReaderOrInAppWebview,11,4,1,12,2,0,0,12,6,0,0,0,40,75,6,0,1,2,1,0,0,6,2,0,0,12,16,0.35294117647058826,1.0,0.0,0.3333333333333333,0.0,0.0,0.0,0.0,0.0,1.0,0.3333333333333333,0.6666666666666666,0.0,0.3333333333333333,0.0,1.0,0.3333333333333333,0.6666666666666666,0.0,0.3333333333333333,0.0
getDescendants,6,3,0,2,0,0,0,7,0,0,0,0,16,27,2,0,0,3,0,0,0,3,1,0,0,7,18,0.25,0.3333333333333333,0.0,0.6,0.0,0.0,0.0,0.0,0.0,1.0,0.0,1.0,0.0,0.2,0.0,1.0,0.0,0.3333333333333333,0.0,1.0,0.0
getAmbuityParserInterpreter,27,7,0,23,2,0,0,36,5,0,0,3,85,195,2,0,0,4,0,0,0,6,1,0,1,13,49,0.06896551724137931,1.0,0.42857142857142855,0.125,0.125,0.0,0.0,0.0,0.0,1.0,0.125,1.0,0.0,0.125,0.0,1.0,0.125,1.0,0.0,0.125,0.0
trackLastVisibleTab,4,0,0,3,1,0,0,1,2,0,0,0,8,6,2,0,0,2,0,0,0,0,2,0,0,5,5,0.3333333333333333,0.0,0.0,0.0,0.0,0.0,0.0,0.0,0.0,1.0,0.0,0.5,0.0,0.0,0.0,1.0,0.0,0.5,0.5,1.0,0.0
copyAttachments,29,2,0,26,9,0,0,16,3,0,0,2,63,69,2,0,0,2,0,0,0,0,0,0,0,2,0,0.06451612903225806,0.0,0.0,0.0,0.0,0.0,0.0,0.0,0.0,1.0,0.0,0.0,0.0,0.0,0.0,1.0,0.0,0.0,0.0,0.0,0.0
evaluateTemplate,3,2,0,2,0,0,0,4,1,0,0,0,10,42,2,0,1,1,0,0,0,3,2,1,0,8,15,0.4,1.0,0.0,0.25,0.0,1.0,0.0,0.0,0.0,1.0,0.0,1.0,0.0,0.25,0.0,1.0,0.0,1.0,0.0,0.25,0.0
validateAndConvert,14,8,1,13,0,0,0,16,12,0,0,1,54,110,2,1,0,1,0,0,0,1,0,0,0,3,5,0.125,0.5,0.0,0.3333333333333333,0.0,0.0,0.0,0.0,0.0,1.0,0.16666666666666666,0.0,0.0,0.0,0.0,1.0,0.0,0.0,0.0,0.0,0.0
convertToDrel,10,1,1,3,1,0,0,4,2,1,0,0,15,33,15,1,0,10,3,0,0,13,7,2,2,42,72,0.6,1.0,1.0,1.0,0.0,1.0,0.0,1.0,0.0,1.0,1.0,1.0,0.8333333333333334,1.0,1.0,1.0,1.0,1.0,0.8571428571428571,1.0,1.0
collectGarbage,174,16,1,108,30,0,0,223,178,128,0,41,727,696,441,28,1,289,89,0,0,538,474,296,107,1814,1750,0.7170731707317073,1.0,1.0,0.0,0.0,1.0,1.0,0.0,0.0,1.0,0.0,1.0,1.0,0.0,0.0,1.0,0.0,0.75,0.7227979274611399,0.0,1.0
putOutTheGarbage,604,41,1,389,117,0,0,749,641,417,0,148,2495,2396,11,3,1,8,2,0,0,12,11,7,0,46,50,0.01788617886178862,0.1,0.07142857142857142,0.0,0.0,0.07142857142857142,0.0,0.0,0.0,1.0,0.0,0.3333333333333333,0.0,0.0,0.0,1.0,0.0,0.027777777777777776,0.022617124394184167,0.0,0.0
handleSendFailure,126,20,1,92,16,0,0,120,71,12,0,6,391,589,2,0,0,1,0,0,0,2,0,0,0,3,8,0.015625,0.14285714285714285,0.0,0.0,0.0,0.0,0.0,0.0,0.0,1.0,0.0,0.0,0.0,0.0,0.0,1.0,0.0,0.02877697841726619,0.0,1.0,0.0
getMouseAdapter,304,45,1,206,20,0,0,333,152,160,0,49,1001,1492,4,0,0,2,1,0,0,2,1,0,0,6,13,0.012987012987012988,0.14285714285714285,0.0,1.0,0.0,0.0,0.0,0.0,0.0,0.5,1.0,0.5,0.0,0.0,0.0,0.5,1.0,0.08791208791208792,0.0,1.0,0.0
createNonOfficeElements,307,45,1,207,21,0,0,335,153,160,0,49,1005,1503,1,0,0,1,0,0,0,0,0,0,0,1,2,0.003246753246753247,0.0,0.0,0.0,0.0,0.0,0.0,0.0,0.0,0.09090909090909091,0.2,0.0,0.0,0.0,0.0,0.09090909090909091,0.2,0.02197802197802198,0.0,0.15,0.0
getMotherTonguePanel,304,43,1,205,21,0,0,330,152,159,0,49,995,1483,4,2,0,3,0,0,0,5,1,1,0,12,22,0.012987012987012988,0.5,0.0,0.0,0.0,0.08333333333333333,0.0,0.0,0.0,1.0,0.0,0.009009009009009009,0.0,0.7142857142857143,0.0,1.0,0.0,0.10714285714285714,0.0,0.0,0.0
getTreeButtonPanel,304,45,1,206,20,0,0,333,152,160,0,49,1001,1492,4,0,0,2,1,0,0,2,1,0,0,6,13,0.012987012987012988,0.14285714285714285,0.0,0.0,0.0,0.0,0.0,0.0,0.0,0.5,0.0,0.5,0.0,0.0,0.0,0.5,0.0,0.08791208791208792,0.0,0.14285714285714285,0.0
availability,23,2,0,6,4,0,0,16,11,9,0,1,49,42,2,0,1,1,0,0,0,0,1,0,0,3,2,0.08,0.0,0.0,0.0,0.0,0.0,0.0,0.0,0.0,1.0,0.0,0.3333333333333333,0.0,0.0,0.0,1.0,0.0,0.2857142857142857,0.0,0.0,0.0
testRenderedTab,9,3,1,10,0,0,0,11,3,5,0,1,36,63,3,1,1,3,0,0,0,3,0,2,0,9,14,0.25,0.5,0.0,0.6666666666666666,0.0,0.5,0.0,0.6666666666666666,0.0,1.0,0.0,0.0,0.0,0.0,0.0,1.0,0.0,0.23809523809523808,0.0,0.8333333333333334,0.0
addDefaultHeaders,37,4,0,14,6,1,0,27,6,0,0,2,77,135,5,1,1,3,1,0,0,5,1,0,0,13,20,0.11904761904761904,1.0,0.3333333333333333,0.5,1.0,0.0,0.0,0.0,0.0,1.0,0.5,0.2,0.0,1.0,0.0,1.0,0.5,0.7,0.0,0.5,0.0
getBlogsForCurrentView,17,3,1,7,2,0,0,11,5,2,0,2,39,106,6,0,1,2,1,0,0,5,3,1,2,15,45,0.2608695652173913,0.5,0.5,0.5,0.5,0.5,0.0,0.5,0.0,1.0,0.5,0.5,0.3333333333333333,0.5,0.5,1.0,0.0,0.5,0.35294117647058826,0.5,1.0
bail,44,6,1,18,7,0,0,44,34,22,0,5,162,129,2,0,1,1,0,0,0,1,1,1,0,4,6,0.043478260869565216,0.14285714285714285,0.0,0.3333333333333333,0.0,0.14285714285714285,0.0,0.3333333333333333,0.0,1.0,0.0,0.03571428571428571,0.0,0.6666666666666666,0.0,1.0,0.0,0.14285714285714285,0.023809523809523808,0.3333333333333333,1.0
nextRowInternally,43,1,1,13,6,0,0,33,18,18,0,7,119,129,15,1,1,8,2,0,0,11,7,6,3,42,37,0.25862068965517243,1.0,0.0,1.0,0.0,1.0,0.6,1.0,1.0,1.0,1.0,0.28,0.0,1.0,0.0,1.0,1.0,0.6363636363636364,0.28378378378378377,1.0,1.0
createPreparedEvent,7,4,1,10,0,0,0,7,7,2,0,0,33,50,5,2,0,4,0,0,0,5,1,0,0,16,25,0.4166666666666667,1.0,0.0,0.5,0.0,0.0,0.0,0.0,0.0,1.0,0.25,1.0,0.0,0.25,0.0,1.0,0.5,1.0,0.5,0.5,0.75
createEnvironmentPreparedEvent,6,3,1,8,0,0,0,6,5,1,0,0,27,41,7,2,0,7,0,0,0,8,4,1,0,26,43,0.5384615384615384,1.0,0.0,0.5,0.0,1.0,0.0,0.0,0.0,1.0,0.0,1.0,0.5,0.0,0.0,1.0,0.5,1.0,0.7272727272727273,0.5,1.0
performBasicMappingTest,16,3,1,25,0,0,0,14,6,3,0,0,62,74,39,6,1,89,0,0,0,63,27,6,3,211,274,0.7090909090909091,1.0,1.0,0.12962962962962962,0.1111111111111111,1.0,1.0,0.037037037037037035,0.018518518518518517,1.0,0.05555555555555555,1.0,1.0,0.037037037037037035,0.037037037037037035,1.0,0.12962962962962962,1.0,0.9322033898305084,0.05555555555555555,0.24074074074074073
isAvailableInModule,40,5,1,34,6,0,0,40,12,0,0,0,120,218,2,1,0,1,0,0,0,1,1,0,0,4,7,0.047619047619047616,0.16666666666666666,0.0,0.0,0.0,0.0,0.0,0.0,0.0,1.0,0.0,1.0,0.0,0.0,0.0,1.0,0.0,0.06976744186046512,0.05405405405405406,0.0,0.0
processResolveVariants,10,1,0,6,3,0,0,9,4,5,0,0,27,28,2,0,0,3,0,0,0,5,4,4,0,13,19,0.16666666666666666,1.0,0.5,0.5,0.5,1.0,0.5,0.5,0.5,1.0,0.5,1.0,0.3333333333333333,0.5,0.5,1.0,0.5,1.0,0.5555555555555556,0.5,0.5
executeReloadAndWaitForCompletion,1,0,0,1,0,0,0,1,1,0,0,0,3,7,2,0,0,1,0,0,0,1,2,1,0,4,4,0.6666666666666666,1.0,0.0,0.0,0.0,1.0,0.0,0.0,0.0,1.0,0.0,0.6666666666666666,0.0,1.0,0.0,1.0,0.0,0.5714285714285714,0.0,1.0,0.0
insertOrUpdate,8,3,0,5,1,1,0,12,5,4,0,0,42,26,7,0,1,4,1,1,0,14,4,3,0,48,30,0.4666666666666667,0.75,0.6666666666666666,0.0,0.5384615384615384,0.6,0.0,0.38461538461538464,0.0,1.0,0.0,0.5,0.0,0.5384615384615384,0.0,1.0,0.0,0.5365853658536586,0.0,0.8461538461538461,0.0
updatedChannel,18,1,0,9,0,0,0,11,6,4,0,1,32,54,4,0,1,2,1,0,0,2,1,1,0,8,14,0.18181818181818182,1.0,0.0,0.0,0.0,1.0,0.0,0.0,0.0,1.0,0.0,0.14285714285714285,0.0,1.0,0.0,1.0,0.0,1.0,0.0,0.0,0.0
getSchemaProperties,66,14,1,68,9,0,0,87,6,4,0,1,230,497,2,1,0,1,0,0,0,1,0,0,0,3,5,0.029411764705882353,1.0,0.0,0.0,0.0,0.0,0.0,0.0,0.0,1.0,0.0,0.0,0.0,0.0,0.0,1.0,0.0,0.03529411764705882,0.0,0.0,0.0
registerSerializer,50,6,1,29,3,0,0,38,13,6,0,0,164,304,2,0,1,2,0,0,0,1,1,0,0,6,12,0.038461538461538464,0.09090909090909091,0.0,1.0,0.0,0.0,0.0,0.0,0.0,1.0,0.0,0.3333333333333333,0.0,1.0,0.0,1.0,0.0,0.2222222222222222,0.0,0.0,0.0
runTest,599,44,1,387,116,0,0,741,635,414,0,143,2475,2384,16,0,1,10,3,0,0,20,17,10,5,66,62,0.026016260162601626,0.3333333333333333,0.2,0.0,0.0,0.3333333333333333,0.037037037037037035,0.0,0.0,1.0,0.0,0.3333333333333333,0.16666666666666666,0.0,0.0,1.0,0.0,0.027777777777777776,0.018691588785046728,0.1,0.26666666666666666
rescueMembersAndInstantiateSuperInterfaces,25,8,0,13,5,0,0,29,12,6,1,2,77,106,6,0,1,5,1,0,0,7,5,3,0,28,23,0.1935483870967742,0.42857142857142855,0.4,0.0,0.0,0.42857142857142855,0.0,0.0,0.0,1.0,0.0,0.4,0.0,1.0,0.0,1.0,0.0,0.32608695652173914,0.0,1.0,0.0
setSessionOption,1,0,0,1,0,0,0,1,1,0,0,0,3,8,9,2,1,5,0,0,0,5,4,0,0,20,36,0.9,1.0,0.0,1.0,0.0,0.0,0.0,0.0,0.0,1.0,0.0,1.0,0.0,1.0,0.0,1.0,0.0,1.0,1.0,1.0,1.0
pause,13,3,0,6,1,0,0,9,5,1,0,2,35,21,2,0,0,1,0,0,0,2,0,0,0,4,10,0.13333333333333333,1.0,0.0,0.5,0.0,0.0,0.0,0.0,0.0,1.0,0.5,0.0,0.0,0.0,0.0,1.0,0.5,1.0,0.0,0.5,0.0
createNewWrapperCurrent,0,0,0,0,0,0,0,0,0,0,0,0,0,0,9,1,1,1,0,0,0,8,5,6,1,25,32,1.0,1.0,0.0,1.0,0.0,1.0,0.0,1.0,0.0,1.0,1.0,1.0,0.0,1.0,0.0,1.0,1.0,1.0,0.0,1.0,0.0
getHTTPGetAction,24,10,1,14,4,1,0,26,5,0,0,1,76,110,3,0,0,2,0,0,0,4,0,0,0,6,12,0.1111111111111111,1.0,0.5,0.16666666666666666,0.0,0.0,0.0,0.0,0.0,1.0,0.0,0.0,0.0,0.0,0.0,1.0,0.0,0.18181818181818182,0.0,0.8333333333333334,0.0
output,5,1,1,2,1,0,0,3,0,0,0,0,10,18,6,1,1,6,1,0,0,5,3,2,1,20,25,0.5454545454545454,1.0,0.0,0.16666666666666666,0.0,1.0,0.0,0.16666666666666666,0.0,1.0,0.16666666666666666,1.0,0.0,0.16666666666666666,0.0,1.0,0.16666666666666666,1.0,0.625,0.16666666666666666,1.0
terminate,9,0,0,4,0,0,0,8,3,3,0,1,22,37,4,0,1,3,0,0,0,3,3,3,0,15,15,0.3076923076923077,0.6,0.0,1.0,0.0,0.6,0.0,1.0,0.0,1.0,0.0,0.5,0.0,1.0,0.0,1.0,0.0,0.375,0.0,1.0,0.0
createUser,18,5,1,12,1,0,0,14,3,2,0,3,54,75,3,0,0,5,0,0,0,4,0,0,0,9,20,0.14285714285714285,0.6666666666666666,0.0,0.0,0.0,0.0,0.0,0.0,0.0,1.0,0.0,0.0,0.0,0.0,0.0,1.0,0.0,0.6666666666666666,0.4,0.0,0.0
prepareWorkItemWithTaskVariables,24,5,1,37,0,0,0,30,16,6,0,0,115,172,2,0,1,2,0,0,0,1,1,0,0,5,8,0.07692307692307693,0.5,0.0,0.0,0.0,0.0,0.0,0.0,0.0,1.0,0.0,0.1,0.0,0.0,0.0,1.0,0.0,0.3,0.1,0.0,0.0
testTaskWithExpectedDescription,12,1,1,27,0,0,0,17,13,3,0,0,70,91,14,4,1,12,0,0,0,14,4,3,0,53,90,0.5384615384615384,1.0,1.0,0.0,0.0,1.0,0.0,0.0,0.0,1.0,0.0,0.5,0.0,0.0,0.0,1.0,0.0,1.0,1.0,0.0,0.0
classForName,25,3,0,8,5,0,0,16,6,0,0,2,50,80,2,0,0,1,0,0,0,1,1,0,0,3,9,0.07407407407407407,0.25,0.0,0.0,0.0,0.0,0.0,0.0,0.0,1.0,0.0,0.5,0.0,1.0,0.0,1.0,0.0,0.14285714285714285,0.0,1.0,0.0
classForName,25,3,0,8,5,0,0,15,6,0,0,1,48,80,2,0,0,1,0,0,0,2,1,0,1,5,9,0.07407407407407407,0.5,0.16666666666666666,0.0,0.0,0.0,0.0,0.0,0.0,0.5,0.0,0.5,0.0,0.0,0.0,0.5,0.0,0.5,0.0,0.0,0.0
isUpdate,2,1,0,3,0,0,0,7,6,3,0,0,19,45,13,4,1,15,2,1,0,13,12,8,0,65,79,0.8666666666666667,1.0,1.0,0.0,0.0,1.0,1.0,0.0,1.0,1.0,0.0,0.6666666666666666,0.0,1.0,0.0,1.0,0.0,1.0,0.75,0.0,1.0
fieldInitializer,16,4,1,15,4,1,0,18,6,2,0,0,56,104,2,0,1,1,0,0,0,1,2,1,0,5,9,0.1111111111111111,1.0,0.0,0.0,0.0,1.0,0.0,0.0,0.0,1.0,0.0,1.0,0.14285714285714285,0.0,1.0,1.0,0.0,1.0,0.06896551724137931,0.5,1.0
isOrdered,6,0,0,3,0,0,0,1,2,0,0,0,12,17,4,0,1,2,1,0,0,5,1,0,0,11,13,0.4,1.0,0.5,0.5,1.0,0.0,0.0,0.0,0.0,1.0,0.5,1.0,0.0,0.5,0.0,1.0,0.5,0.4117647058823529,0.0,1.0,0.0
isOrdered,0,0,0,0,0,0,0,0,0,0,0,0,0,0,2,0,0,2,0,0,0,0,2,0,0,5,7,1.0,0.0,0.0,0.0,0.0,0.0,0.0,0.0,0.0,1.0,0.0,1.0,0.0,1.0,0.0,1.0,0.0,1.0,0.0,1.0,0.0
getOperatorFunctionModifier,16,2,1,13,3,0,0,23,7,4,1,3,59,111,2,1,0,1,0,0,0,1,0,0,0,3,9,0.1111111111111111,0.25,0.0,0.0,0.0,0.0,0.0,0.0,0.0,1.0,0.0,0.0,0.0,0.0,0.0,1.0,0.0,0.07692307692307693,0.07407407407407407,0.5,0.75
checkRequest,4,0,0,2,1,0,0,4,2,1,0,0,9,24,2,0,0,1,0,0,0,2,1,0,0,5,15,0.3333333333333333,0.5,0.0,0.6666666666666666,0.0,0.0,0.0,0.0,0.0,1.0,0.0,0.3333333333333333,0.0,0.6666666666666666,0.0,1.0,0.0,0.35714285714285715,0.0,1.0,0.0
migration,50,14,1,38,5,1,0,51,5,3,0,3,141,238,8,2,1,9,0,0,0,10,2,1,0,27,48,0.13793103448275862,0.5,0.25,0.125,0.125,0.25,0.0,0.125,0.0,1.0,0.125,0.5,0.2,0.125,0.25,1.0,0.125,0.358974358974359,0.25,0.375,0.125
getErrorMessage,27,6,1,18,6,0,0,29,8,0,0,2,84,140,2,0,1,1,0,0,0,1,1,0,0,4,9,0.06896551724137931,0.16666666666666666,0.0,0.0,0.0,0.0,0.0,0.0,0.0,1.0,0.0,0.25,0.0,0.0,0.0,1.0,0.0,0.175,0.0,0.0,0.0
sdkInitialize,25,1,1,18,2,0,0,14,22,9,0,3,75,94,1,0,0,1,0,0,0,0,0,0,0,1,2,0.038461538461538464,0.0,0.0,0.0,0.0,0.0,0.0,0.0,0.0,1.0,0.07692307692307693,0.0,0.0,0.0,0.0,1.0,0.07692307692307693,0.10526315789473684,0.0,0.46153846153846156,0.0
craftIntent,9,4,1,4,0,0,0,11,6,3,0,1,36,40,4,0,1,5,0,0,0,6,1,1,0,17,32,0.3076923076923077,1.0,0.6,0.0,0.5555555555555556,1.0,0.0,0.1111111111111111,0.0,1.0,0.0,0.5,0.0,0.2222222222222222,0.0,1.0,0.0,0.8333333333333334,0.0,0.0,0.0
getUTXOs,0,0,0,0,0,0,0,0,0,0,0,0,0,0,20,2,1,6,3,0,0,14,11,9,1,53,93,1.0,1.0,0.0,1.0,0.0,1.0,0.0,1.0,0.0,1.0,0.5,1.0,0.0,1.0,0.0,1.0,1.0,1.0,1.0,0.5,1.0
getCandidateDirInTier,23,8,0,17,4,1,0,28,5,3,0,3,69,112,5,0,0,2,1,0,0,6,0,0,2,11,10,0.17857142857142858,0.5,0.375,0.25,0.25,0.0,0.0,0.0,0.0,0.5,0.25,0.0,0.0,0.0,0.0,0.5,0.25,0.0,0.0,0.0,0.0
initializeGeneralGlobals,12,0,1,12,0,0,0,24,24,24,0,0,72,132,15,0,1,15,0,0,0,28,28,28,0,100,156,0.5555555555555556,1.0,0.5384615384615384,0.02702702702702703,1.0,1.0,0.5384615384615384,0.02702702702702703,1.0,1.0,0.02702702702702703,1.0,0.5555555555555556,0.02702702702702703,1.0,1.0,0.02702702702702703,1.0,0.5662650602409639,0.02702702702702703,1.0
initializeNashornGlobals,15,0,1,16,0,0,0,30,30,30,0,0,91,167,12,0,1,11,0,0,0,22,22,22,0,77,121,0.4444444444444444,1.0,0.4230769230769231,0.0,0.5,1.0,0.4230769230769231,0.0,0.5,1.0,0.0,1.0,0.4074074074074074,0.0,1.0,1.0,0.0,1.0,0.42718446601941745,0.0,1.0
launchTask,2,1,0,1,0,0,0,5,1,0,0,0,8,32,3,0,0,2,0,0,0,4,2,1,0,10,22,0.6,1.0,0.0,0.25,0.0,1.0,0.0,0.25,0.0,1.0,0.25,0.6666666666666666,0.0,0.75,0.0,1.0,0.25,1.0,0.0,0.25,0.0
matchOverflow,100,6,0,9,19,3,0,185,111,116,0,37,579,354,2,0,1,1,0,0,0,3,3,2,1,13,9,0.0196078431372549,0.25,0.0,0.25,0.0,0.1111111111111111,0.0,0.5,0.0,0.5,0.0,0.02830188679245283,0.0,0.75,0.0,0.5,0.0,0.026392961876832845,0.0,0.75,0.0
printNotifyInsert,375,100,1,392,54,0,0,477,106,144,0,14,1505,2385,2,0,1,1,0,0,0,1,0,0,0,3,6,0.005305039787798408,0.029411764705882353,0.0,0.2,0.0,0.0,0.0,0.0,0.0,0.5,0.0,0.0,0.0,0.0,0.0,0.5,0.0,0.005080440304826418,0.0,0.7,0.0
createCountsTracker,16,5,0,28,0,0,0,20,28,11,0,0,90,143,3,0,1,4,0,0,0,2,3,0,0,10,11,0.15789473684210525,0.25,0.0,0.0,0.0,0.0,0.0,0.0,0.0,0.5,0.0,0.5,0.2,0.0,0.0,0.5,0.0,0.2,0.0,0.0,0.0
createCountsTracker,32,8,1,63,0,0,0,37,55,6,0,0,247,272,3,0,1,6,0,0,0,2,6,0,0,27,22,0.08571428571428572,0.125,0.0,0.0,0.0,0.0,0.0,0.0,0.0,1.0,0.0,0.14285714285714285,0.125,0.0,0.0,1.0,0.0,0.14285714285714285,0.125,0.0,0.0
readCharacter,7,1,0,3,2,0,0,5,3,2,0,0,14,13,2,0,1,1,0,0,0,1,1,0,0,4,4,0.2222222222222222,0.25,0.0,0.6666666666666666,0.0,0.0,0.0,0.0,0.0,1.0,0.3333333333333333,1.0,0.0,0.3333333333333333,0.0,1.0,0.3333333333333333,1.0,0.0,0.3333333333333333,0.0
getEntityForm,21,8,0,30,2,0,0,24,3,2,0,0,70,155,2,0,0,3,0,0,0,4,1,1,0,10,16,0.08695652173913043,1.0,0.0,0.0,0.0,1.0,0.0,0.0,0.0,1.0,0.0,1.0,0.0,0.0,0.0,1.0,0.0,0.125,0.0,0.6666666666666666,0.0
privacyStringForValue,27,0,1,21,5,0,1,26,15,13,0,0,86,161,4,0,1,4,0,0,0,4,2,2,0,13,26,0.12903225806451613,0.6666666666666666,0.0,0.0,0.0,0.6666666666666666,0.0,0.0,0.0,1.0,0.0,0.125,0.0,0.0,0.0,1.0,0.0,0.16,0.12698412698412698,1.0,1.0
signFrameworks,23,3,1,24,4,0,0,22,17,6,0,0,78,149,4,0,1,4,1,0,0,3,3,1,0,15,23,0.14814814814814814,1.0,0.0,0.5,0.0,0.3333333333333333,0.0,0.5,0.0,1.0,0.5,0.15,0.0,0.5,0.0,1.0,0.5,0.2222222222222222,0.0,1.0,0.0
flushPersistentObjects,21,4,0,17,4,0,0,25,15,12,0,0,69,228,2,0,1,2,0,0,0,2,1,0,0,7,16,0.08695652173913043,0.25,0.0,0.5,0.0,0.0,0.0,0.0,0.0,1.0,0.5,0.07142857142857142,0.0,1.0,0.0,1.0,0.5,0.0,0.0,0.0,0.0
dummy,18,3,1,15,3,0,0,17,12,2,0,0,55,84,2,0,1,2,0,0,0,1,1,0,0,5,7,0.1,0.25,0.0,0.0,0.0,0.0,0.0,0.0,0.0,1.0,0.0,1.0,0.0,0.0,0.0,1.0,0.0,1.0,0.11538461538461539,0.0,0.6666666666666666
generateSingleCopyFilesBuildPhase,7,3,0,5,1,0,0,6,2,0,0,0,16,36,10,5,1,8,0,0,0,10,1,0,0,28,62,0.5882352941176471,1.0,0.5,0.0,0.0,0.0,0.0,0.0,0.0,1.0,0.0,0.5,0.0,0.3333333333333333,0.0,1.0,0.0,0.631578947368421,0.5,0.0,0.3333333333333333
visitTagParse,26,6,1,10,2,0,1,21,15,8,0,0,59,125,15,3,1,9,3,0,0,15,5,2,0,46,79,0.36585365853658536,1.0,1.0,0.0,0.0,1.0,0.0,0.0,0.0,1.0,0.0,1.0,0.0,0.0,0.0,1.0,0.0,1.0,0.6567164179104478,0.0,1.0
visitTagEliminateAllocation,34,8,1,16,5,0,1,30,15,7,0,0,85,160,7,1,1,3,0,0,0,6,5,3,0,22,45,0.17073170731707318,1.0,0.5,0.0,0.0,0.5,0.0,0.0,0.0,1.0,0.0,0.5,0.0,0.0,0.0,1.0,0.0,0.5,0.0,0.0,0.0
createGrid,7,3,1,8,0,0,0,6,1,0,0,0,24,33,3,0,1,4,0,0,0,2,0,0,0,9,8,0.3,1.0,0.0,0.125,0.0,0.0,0.0,0.0,0.0,1.0,0.125,0.0,0.0,0.0,0.0,1.0,0.125,0.23076923076923078,0.0,1.0,0.0
addJarsToRoots,1,1,0,1,0,0,0,1,1,0,0,0,4,11,9,2,1,9,2,1,0,11,6,2,1,38,58,0.9,1.0,0.0,0.25,0.0,1.0,0.0,0.25,0.0,1.0,0.25,1.0,1.0,0.25,0.25,1.0,0.25,0.8333333333333334,0.0,0.25,0.0
fillWithScopeExpansion,33,5,0,18,6,3,0,33,35,24,0,2,120,177,2,0,0,2,0,1,0,4,2,1,0,11,24,0.05714285714285714,1.0,0.0,0.0,0.0,1.0,0.0,0.0,0.0,1.0,0.0,0.06666666666666667,0.05263157894736842,0.5,0.75,1.0,0.0,0.07476635514018691,0.0,0.75,0.0
resolveAndDownloadImpl,23,4,0,10,3,0,0,15,7,0,0,0,43,155,8,0,0,3,0,0,0,5,1,0,0,15,48,0.25806451612903225,1.0,0.6666666666666666,0.0,0.16666666666666666,0.0,0.0,0.0,0.0,1.0,0.0,1.0,0.0,0.0,0.0,1.0,0.0,1.0,1.0,0.0,0.0
movePanel,7,1,0,3,2,0,0,7,3,3,0,1,19,25,3,1,1,4,0,0,0,7,6,4,0,27,23,0.3,1.0,0.0,0.0,0.0,1.0,0.0,0.0,0.0,1.0,0.5,1.0,1.0,0.5,0.5,1.0,0.5,1.0,0.6666666666666666,0.5,0.5
saveLocation,8,0,0,5,2,0,0,10,7,7,0,3,27,39,2,0,0,1,0,0,0,2,1,1,1,6,8,0.2,1.0,0.0,0.0,0.0,1.0,0.0,0.0,0.0,1.0,0.0,0.2,0.0,1.0,0.0,1.0,0.0,0.2222222222222222,0.19047619047619047,0.0,1.0
getConnectionAddress,20,2,1,10,3,1,0,22,12,12,0,2,71,109,2,0,0,1,0,0,0,0,1,0,0,3,3,0.09090909090909091,0.0,0.0,0.0,0.0,0.0,0.0,0.0,0.0,1.0,0.0,0.07692307692307693,0.0,1.0,0.0,1.0,0.0,0.05660377358490566,0.0,1.0,0.0
"_testParamValidatedResourceNoParam",1,1,1,7,0,0,0,2,2,2,0,0,15,18,2,0,1,2,0,0,0,1,2,0,0,6,7,0.6666666666666666,1.0,0.0,0.5,0.0,0.0,0.0,0.0,0.0,1.0,0.5,1.0,0.0,0.5,0.0,1.0,0.5,1.0,0.0,0.5,0.0
"_testParamValidatedResourceParamProvided",1,1,1,8,0,0,0,2,2,2,0,0,18,22,2,0,1,2,0,0,0,1,2,0,0,6,7,0.6666666666666666,1.0,0.0,0.5,0.0,0.0,0.0,0.0,0.0,1.0,0.5,1.0,0.0,0.5,0.0,1.0,0.5,1.0,0.0,0.5,0.0
"_testPropertyValidatedResourceParamProvided",1,1,1,8,0,0,0,2,2,2,0,0,18,22,2,0,1,2,0,0,0,1,2,0,0,6,7,0.6666666666666666,1.0,0.0,0.5,0.0,0.0,0.0,0.0,0.0,1.0,0.5,1.0,0.0,0.5,0.0,1.0,0.5,1.0,0.0,0.5,0.0
"_testOldFashionedResourceNoParam",1,1,1,7,0,0,0,1,1,1,0,0,13,13,2,0,1,3,0,0,0,1,2,0,0,7,7,0.6666666666666666,1.0,0.0,0.5,0.0,0.0,0.0,0.0,0.0,1.0,0.5,1.0,0.0,0.5,0.0,1.0,0.5,1.0,0.0,0.5,0.0
"_testPropertyValidatedResourceNoParam",1,1,1,7,0,0,0,2,2,2,0,0,15,18,2,0,1,2,0,0,0,1,2,0,0,6,7,0.6666666666666666,1.0,0.0,0.5,0.0,0.0,0.0,0.0,0.0,1.0,0.5,1.0,0.0,0.5,0.0,1.0,0.5,1.0,0.0,0.5,0.0
"_testFieldValidatedResourceNoParam",1,1,1,7,0,0,0,2,2,2,0,0,15,18,2,0,1,2,0,0,0,1,2,0,0,6,7,0.6666666666666666,1.0,0.0,0.5,0.0,0.0,0.0,0.0,0.0,1.0,0.5,1.0,0.0,0.5,0.0,1.0,0.5,1.0,0.0,0.5,0.0
"_testOldFashionedResourceParamProvided",0,0,0,0,0,0,0,0,0,0,0,0,0,0,3,1,1,10,0,0,0,3,4,2,0,24,31,1.0,1.0,0.0,0.5,0.0,1.0,0.0,0.5,0.0,1.0,0.0,1.0,0.0,0.5,0.0,1.0,1.0,1.0,0.0,1.0,0.0
"_testFieldValidatedResourceParamProvided",1,1,1,8,0,0,0,2,2,2,0,0,18,22,2,0,1,2,0,0,0,1,2,0,0,6,7,0.6666666666666666,1.0,0.0,0.5,0.0,0.0,0.0,0.0,0.0,1.0,0.5,1.0,0.0,0.5,0.0,1.0,0.5,1.0,0.0,0.5,0.0
setProtectionPassword,65,7,1,35,4,0,1,50,31,18,0,15,170,214,3,0,1,4,0,0,0,0,2,0,0,10,10,0.04411764705882353,0.0,0.0,0.0,0.0,0.0,0.0,0.0,0.0,1.0,1.0,0.1111111111111111,0.0,1.0,0.0,1.0,1.0,0.0759493670886076,0.0,1.0,0.0
getAvailableRequests,10,2,0,3,2,0,0,8,3,2,0,0,25,31,12,1,1,4,3,0,0,14,2,2,1,29,38,0.5454545454545454,1.0,0.5,0.0,0.4,1.0,0.5,0.2,0.0,1.0,0.0,0.6666666666666666,0.0,0.0,0.0,1.0,0.0,1.0,0.6428571428571429,0.0,0.4
createExchange,1,0,0,2,0,0,0,3,1,0,0,0,7,21,2,1,0,1,0,0,0,1,0,0,0,3,9,0.6666666666666666,1.0,0.0,0.3333333333333333,0.0,0.0,0.0,0.0,0.0,1.0,0.3333333333333333,0.0,0.0,0.0,0.0,1.0,0.3333333333333333,0.0,0.0,0.0,0.0
readClassFromCamelResource,140,34,1,93,23,1,0,149,12,0,0,3,427,977,12,2,1,4,1,0,0,7,0,0,0,17,37,0.07894736842105263,1.0,0.16666666666666666,0.0,0.0,0.0,0.0,0.0,0.0,1.0,0.0,0.0,0.0,0.0,0.0,1.0,0.0,0.1111111111111111,0.0,0.2,0.0
getFieldInitializerNullness,46,9,0,17,12,1,0,37,21,9,0,3,109,122,2,0,0,1,0,0,0,2,1,0,0,4,9,0.041666666666666664,0.5,0.0,0.0,0.0,0.0,0.0,0.0,0.0,1.0,0.0,0.2,0.0,0.4,0.0,1.0,0.0,0.08333333333333333,0.0,1.0,0.0
statsForOneColumnFromProtoBuf,70,12,1,101,13,0,0,85,2,0,0,0,214,287,2,0,0,3,0,0,0,2,0,0,0,5,6,0.027777777777777776,0.2,0.0,0.1111111111111111,0.0,0.0,0.0,0.0,0.0,1.0,0.1111111111111111,0.0,0.0,0.0,0.0,1.0,0.1111111111111111,0.0,0.0,0.0,0.0
customizeComponents,0,0,0,0,0,0,0,0,0,0,0,0,0,0,18,0,1,23,0,0,0,30,35,22,3,121,212,1.0,1.0,0.0,1.0,0.0,1.0,0.0,1.0,0.0,1.0,0.3333333333333333,1.0,0.0,1.0,0.0,1.0,1.0,1.0,0.0,1.0,0.0
customizeComponents,6,0,0,2,0,0,0,6,3,2,0,1,15,32,12,0,1,21,0,0,0,24,32,20,2,103,179,0.6666666666666666,1.0,0.0,1.0,0.0,1.0,0.0,1.0,0.0,1.0,0.3333333333333333,1.0,1.0,0.16666666666666666,0.3333333333333333,1.0,1.0,1.0,0.7589285714285714,1.0,1.0
createPlatformToolProvider,2,2,0,1,0,0,0,1,1,0,0,0,6,12,15,1,1,14,2,0,0,25,8,6,0,61,112,0.8823529411764706,1.0,1.0,0.5454545454545454,0.2727272727272727,1.0,0.0,0.09090909090909091,0.0,1.0,0.2727272727272727,1.0,0.0,0.09090909090909091,0.0,1.0,0.5454545454545454,1.0,0.9152542372881356,0.36363636363636365,0.9090909090909091
clear,5,1,0,3,0,0,0,10,4,5,0,0,24,22,2,0,0,1,0,0,0,2,1,1,0,6,6,0.2857142857142857,0.5,0.0,1.0,0.0,0.5,0.0,1.0,0.0,1.0,1.0,0.25,0.0,1.0,0.0,1.0,1.0,0.5,0.0,1.0,0.0
getAllPathsWork,5,1,0,4,1,0,0,4,2,1,0,0,11,28,2,0,0,2,0,0,0,3,1,1,0,7,18,0.2857142857142857,1.0,0.5,0.25,0.25,1.0,0.0,0.25,0.0,1.0,0.0,0.5,0.0,0.5,0.0,1.0,0.0,0.42857142857142855,0.0,0.75,0.0
getTargetsAndDependencies,27,5,1,27,2,0,0,22,10,0,0,1,75,174,2,0,0,1,0,0,0,2,1,0,0,5,17,0.06896551724137931,0.3333333333333333,0.08333333333333333,0.4,0.4,0.0,0.0,0.0,0.0,1.0,0.0,0.16666666666666666,0.0,0.2,0.0,1.0,0.0,0.14285714285714285,0.0,1.0,0.0
findPsiFile,8,3,0,5,2,0,0,6,2,0,0,0,21,34,12,4,1,2,2,0,0,12,3,2,1,31,36,0.6,1.0,0.5,0.0,0.0,1.0,0.0,0.0,0.0,1.0,0.0,1.0,0.0,0.0,0.0,1.0,0.0,1.0,0.7142857142857143,0.0,0.6666666666666666
checkInterfaceModifiers,12,2,0,10,4,0,0,15,7,4,0,0,38,61,2,1,0,1,0,0,0,1,1,0,0,4,7,0.14285714285714285,0.16666666666666666,0.0,0.5,0.0,0.0,0.0,0.0,0.0,1.0,0.5,1.0,0.0,0.5,0.0,1.0,0.5,0.05,0.0,1.0,0.0
handleExcludeMethods,57,20,1,50,9,2,0,75,19,4,0,4,201,363,2,0,0,2,0,0,0,2,1,0,1,6,7,0.03389830508474576,0.3333333333333333,0.09090909090909091,0.0,0.0,0.0,0.0,0.0,0.0,1.0,0.0,0.2,0.0,1.0,0.0,1.0,0.0,0.06779661016949153,0.0,1.0,0.0
handleMethodPermissions,4,1,0,3,1,0,0,3,1,0,0,0,11,22,55,19,1,49,8,2,0,74,19,4,5,199,348,0.9322033898305084,1.0,1.0,1.0,1.0,1.0,0.0,1.0,0.0,1.0,1.0,1.0,1.0,1.0,1.0,1.0,1.0,1.0,0.9574468085106383,1.0,1.0
initTimeMap,7,1,1,22,0,0,0,12,17,0,0,0,109,265,2,0,1,1,0,0,0,1,0,0,0,4,9,0.2222222222222222,0.07692307692307693,0.0,0.875,0.0,0.0,0.0,0.0,0.0,1.0,0.125,0.0,0.0,0.0,0.0,1.0,0.125,0.04081632653061224,0.027522935779816515,1.0,1.0
toByteArray,49,8,1,17,3,0,0,44,10,9,0,3,120,143,2,0,0,1,0,0,0,1,0,0,0,3,7,0.0392156862745098,0.1111111111111111,0.0,0.4,0.0,0.0,0.0,0.0,0.0,0.2,0.2,0.0,0.0,0.0,0.0,0.3333333333333333,0.2,0.2,0.0,0.2,0.0
formatCSV,0,0,0,0,0,0,0,0,0,0,0,0,0,0,2,0,0,1,0,0,0,3,1,0,0,7,21,1.0,1.0,0.0,0.0,0.0,0.0,0.0,0.0,0.0,1.0,0.0,1.0,0.0,1.0,0.0,1.0,0.0,1.0,0.0,1.0,0.0
formatCSV,0,0,0,0,0,0,0,0,0,0,0,0,0,0,2,0,0,1,0,0,0,3,1,0,0,7,21,1.0,1.0,0.0,0.0,0.0,0.0,0.0,0.0,0.0,1.0,0.0,1.0,0.0,1.0,0.0,1.0,0.0,1.0,0.0,1.0,0.0
isSubtype,28,5,0,16,8,1,0,15,7,0,0,0,63,81,2,0,0,2,0,0,0,1,2,0,0,6,10,0.06666666666666667,0.14285714285714285,0.0,0.625,0.0,0.0,0.0,0.0,0.0,1.0,0.0,1.0,0.0,0.125,0.0,1.0,0.0,0.0,0.0,0.0,0.0
isSubtype,12,2,0,15,3,0,0,21,6,9,0,0,58,73,4,0,1,1,1,0,0,0,1,0,0,4,3,0.25,0.0,0.0,0.0,0.0,0.0,0.0,0.0,0.0,1.0,0.3333333333333333,0.2,0.0,0.6666666666666666,0.0,1.0,0.3333333333333333,0.0,0.0,0.0,0.0
parseTransactions,4,0,0,0,1,0,0,3,2,3,0,1,6,7,19,3,1,7,1,0,0,30,14,21,9,82,69,0.8260869565217391,1.0,1.0,0.1,0.2,1.0,0.0,0.2,0.0,1.0,0.1,1.0,0.8461538461538461,0.1,0.8,1.0,0.1,1.0,0.8888888888888888,0.2,0.9
showItemPopupOptionsMenu,10,4,0,14,1,0,0,15,6,4,0,0,44,67,3,0,0,4,0,0,0,2,1,1,0,7,5,0.23076923076923078,1.0,0.0,0.0,0.0,1.0,0.0,0.0,0.0,1.0,0.0,0.16666666666666666,0.0,0.0,0.0,1.0,0.0,0.375,0.0,0.0,0.0
showItemPopupOptionsMenu,1,0,0,0,0,0,0,0,0,0,0,0,1,0,40,8,1,36,2,0,0,36,17,8,1,126,179,0.975609756097561,1.0,1.0,0.4444444444444444,0.4444444444444444,1.0,1.0,0.1111111111111111,0.0,1.0,0.3333333333333333,1.0,0.0,0.2222222222222222,0.0,1.0,0.2222222222222222,1.0,1.0,0.5555555555555556,0.0
closeOpenStatements,22,1,1,9,4,0,0,22,21,21,0,2,61,94,10,1,1,3,1,0,0,7,2,1,0,21,15,0.3125,1.0,1.0,0.5,0.5,0.5,0.0,1.0,0.0,1.0,0.0,0.09523809523809523,0.0,1.0,0.0,1.0,0.5,0.28,0.11764705882352941,1.0,1.0
invokeMethod,1,1,0,2,0,0,0,2,0,1,0,0,5,8,2,0,0,6,0,1,0,4,2,2,0,13,12,0.6666666666666666,1.0,0.0,0.5,0.0,1.0,0.0,0.5,0.0,1.0,0.5,1.0,0.0,0.5,0.0,1.0,0.5,1.0,0.8571428571428571,0.5,1.0
createDepthAndStencilBuffer,100,15,1,61,15,0,0,176,171,131,0,15,536,507,4,0,1,5,0,0,0,5,8,5,0,27,28,0.038461538461538464,0.6666666666666666,0.5,0.0,0.0,0.6666666666666666,0.5,0.0,0.0,1.0,0.0,0.045454545454545456,0.0,1.0,0.0,1.0,0.0,0.14634146341463414,0.04670912951167728,1.0,1.0
copy,28,6,1,12,4,0,0,22,7,3,0,4,68,119,4,0,1,2,0,0,0,6,0,0,1,12,6,0.125,1.0,0.0,0.5,0.0,0.0,0.0,0.0,0.0,1.0,0.5,0.0,0.0,0.0,0.0,1.0,0.5,0.0,0.0,0.0,0.0
assertCanRead,3,1,0,6,0,0,0,5,5,3,0,0,20,29,2,0,1,3,0,0,0,2,2,1,0,8,11,0.4,1.0,0.3333333333333333,0.0,1.0,1.0,0.0,0.0,0.0,1.0,0.0,1.0,0.0,0.0,0.0,1.0,0.0,0.3333333333333333,0.0,0.0,0.0
getIntervalHistogram,97,10,1,52,16,0,0,159,54,84,0,10,395,512,5,0,1,2,1,0,0,5,2,0,0,13,20,0.049019607843137254,0.5,0.16666666666666666,0.0,0.0,0.0,0.0,0.0,0.0,1.0,0.0,0.043478260869565216,0.0,0.5,0.0,1.0,0.0,0.11594202898550725,0.01729106628242075,0.25,0.75
getFileNamesToCreate,14,3,1,7,0,1,0,8,6,2,0,0,40,81,7,0,0,2,0,0,0,3,2,1,0,12,33,0.3333333333333333,1.0,0.0,0.0,0.0,1.0,0.0,0.0,0.0,1.0,0.0,0.5,0.0,0.5,0.0,1.0,0.0,0.5,0.0,0.5,0.0
createJobRawOutput,8,5,1,11,0,0,0,10,9,2,0,0,39,79,2,1,0,1,0,0,0,1,1,0,0,4,7,0.2,1.0,0.0,0.0,0.0,0.0,0.0,0.0,0.0,1.0,0.0,1.0,0.0,0.0,0.0,1.0,0.0,0.5,0.13513513513513514,0.14285714285714285,0.8571428571428571
createJobRawOutput,7,5,1,9,0,0,0,8,7,2,0,0,31,63,3,1,1,3,0,0,0,3,3,0,0,12,23,0.3,1.0,1.0,0.2857142857142857,0.14285714285714285,0.0,0.0,0.0,0.0,1.0,0.14285714285714285,1.0,0.0,0.14285714285714285,0.0,1.0,0.2857142857142857,1.0,0.0,0.14285714285714285,0.0
getDataFile,2,0,0,1,0,0,0,2,0,0,0,0,3,4,4,1,1,4,0,0,0,3,2,0,0,14,20,0.6666666666666666,1.0,1.0,0.0,1.0,0.0,0.0,0.0,0.0,1.0,1.0,1.0,0.0,1.0,0.0,1.0,0.0,1.0,0.0,1.0,0.0
getDocumentationText,35,10,0,31,2,0,0,38,13,7,0,1,104,145,4,2,1,3,0,0,0,4,0,0,0,12,20,0.10256410256410256,1.0,0.0,0.0,0.0,0.0,0.0,0.0,0.0,1.0,0.0,0.0,0.0,0.0,0.0,1.0,0.0,0.6666666666666666,0.3,0.0,0.0
setMaxRequestsPerConnection,1,0,0,0,0,0,0,0,1,0,0,0,2,2,14,0,1,1,1,0,1,11,5,5,2,32,47,0.9333333333333333,1.0,0.0,0.6666666666666666,0.0,1.0,0.0,0.3333333333333333,0.0,1.0,0.3333333333333333,1.0,0.0,0.3333333333333333,0.0,1.0,0.6666666666666666,1.0,0.0,0.6666666666666666,0.0
getPreparedQuery,14,3,0,4,2,0,0,21,7,7,0,3,43,123,3,0,1,3,0,0,0,4,2,1,1,12,19,0.17647058823529413,1.0,0.0,0.2,0.0,1.0,0.0,0.2,0.0,1.0,0.2,0.2222222222222222,0.0,0.6,0.0,1.0,0.2,1.0,0.0,0.2,0.0
setMpUniqueIdListener,4,0,0,2,1,0,0,6,4,4,0,1,18,27,2,0,1,2,0,0,0,2,2,2,0,9,10,0.3333333333333333,1.0,0.3333333333333333,0.5,1.0,1.0,0.3333333333333333,0.5,1.0,1.0,0.5,0.3333333333333333,0.0,1.0,0.0,1.0,0.5,0.3333333333333333,0.0,1.0,0.0
initTickerView,284,15,1,163,35,2,0,345,323,300,0,64,1070,1445,2,0,0,2,0,0,0,2,1,1,0,6,8,0.006993006993006993,0.25,0.14285714285714285,0.0,0.0,0.14285714285714285,0.0,0.0,0.0,0.5,0.0,0.004048582995951417,0.0,1.0,0.0,0.5,0.0,0.13333333333333333,0.006335797254487857,0.0,1.0
fireEvent,2,0,0,0,1,0,0,1,1,1,0,0,4,4,2,0,0,1,0,0,0,2,1,1,0,5,10,0.5,1.0,0.0,1.0,0.0,1.0,0.0,1.0,0.0,1.0,1.0,0.5,0.0,1.0,0.0,1.0,1.0,0.6666666666666666,0.0,1.0,0.0
rewriteLinksInDocument,3,1,0,2,0,0,0,4,0,0,0,0,8,20,3,1,0,1,0,0,0,2,1,1,0,6,17,0.5,1.0,0.0,0.25,0.0,1.0,0.0,0.25,0.0,1.0,0.25,1.0,0.0,0.25,0.0,1.0,0.25,0.0,0.0,0.0,0.0
open,17,0,1,4,4,1,0,15,15,12,1,5,57,74,2,0,1,1,0,0,0,0,1,0,0,5,3,0.10526315789473684,0.0,0.0,0.0,0.0,0.0,0.0,0.0,0.0,1.0,0.1111111111111111,0.07692307692307693,0.0,1.0,0.0,1.0,0.1111111111111111,0.07142857142857142,0.0,1.0,0.0
reset,6,1,0,4,1,0,0,4,4,1,0,0,13,15,2,0,0,1,0,0,0,0,1,0,0,3,3,0.25,0.0,0.0,0.0,0.0,0.0,0.0,0.0,0.0,1.0,0.3333333333333333,0.2,0.0,1.0,0.0,1.0,0.3333333333333333,0.1875,0.0,1.0,0.0
fillUpRegistryOfServer,21,8,1,21,2,0,0,25,7,4,0,0,77,148,2,0,0,1,0,0,0,1,0,0,0,2,3,0.08695652173913043,0.5,0.0,0.25,0.0,0.0,0.0,0.0,0.0,1.0,0.125,0.0,0.0,0.0,0.0,1.0,0.125,0.23076923076923078,0.0,0.375,0.0
initialize,51,6,1,52,3,0,0,83,58,41,0,4,235,635,2,0,0,1,0,0,0,3,2,1,0,7,18,0.03773584905660377,0.5,0.0,0.0,0.0,0.125,0.0,0.8,0.0,1.0,0.0,1.0,0.0,0.0,0.0,1.0,0.0,1.0,0.0,0.0,0.0
getIconImageURL,14,2,1,11,4,0,0,14,11,2,0,0,46,104,5,0,1,2,1,0,0,5,1,1,0,11,17,0.2631578947368421,1.0,0.0,0.0,0.0,1.0,0.0,0.0,0.0,1.0,0.0,0.16666666666666666,0.0,0.4,0.0,1.0,0.0,0.3055555555555556,0.0,0.8,0.0
reserveSpace,13,2,1,13,2,0,0,16,13,5,0,1,50,81,2,0,0,1,0,0,0,1,1,0,0,3,11,0.13333333333333333,0.25,0.0,0.0,0.0,0.0,0.0,0.0,0.0,1.0,0.0,0.3333333333333333,0.0,0.0,0.0,1.0,0.0,0.25,0.0,0.5,0.0
buildNotificationNavigationStack,121,28,0,111,16,7,0,217,64,20,0,12,494,1142,2,0,0,2,0,0,0,8,1,1,0,12,40,0.016260162601626018,0.25,0.2,0.0,0.2,0.25,0.0,0.0,0.0,1.0,0.0,0.038461538461538464,0.0,0.4,0.0,1.0,0.0,0.042704626334519574,0.0,0.4,0.0
performBasicMappingTest,53,9,1,117,0,0,0,73,32,8,0,2,269,329,3,0,0,4,0,0,0,4,2,1,1,12,18,0.05357142857142857,0.3333333333333333,0.09523809523809523,0.05555555555555555,0.3888888888888889,0.3333333333333333,0.0,0.05555555555555555,0.0,1.0,0.018518518518518517,0.3333333333333333,0.0,0.05555555555555555,0.0,1.0,0.018518518518518517,0.3333333333333333,0.05714285714285714,0.05555555555555555,0.3333333333333333
generateFakeEndpoints,6,3,1,4,0,0,0,8,2,0,0,0,24,31,4,2,1,3,0,0,0,6,1,0,0,15,19,0.4,1.0,0.0,0.3333333333333333,0.0,0.0,0.0,0.0,0.0,1.0,0.3333333333333333,1.0,0.0,0.3333333333333333,0.0,1.0,0.3333333333333333,1.0,0.625,0.3333333333333333,0.3333333333333333
generateSplitsInfo,40,13,1,21,4,0,0,42,11,9,0,0,99,218,2,0,1,2,0,0,0,3,1,1,0,9,10,0.047619047619047616,1.0,0.3333333333333333,0.1111111111111111,0.3333333333333333,0.3333333333333333,0.0,0.3333333333333333,0.0,1.0,0.1111111111111111,0.125,0.0,0.4444444444444444,0.0,1.0,0.1111111111111111,0.3333333333333333,0.07608695652173914,0.3333333333333333,0.7777777777777778
createTableName,1,0,0,0,0,0,0,1,0,0,0,0,1,2,7,2,1,5,0,0,0,10,6,4,0,29,48,0.875,1.0,1.0,0.0,0.3333333333333333,1.0,0.0,0.3333333333333333,0.0,1.0,0.3333333333333333,1.0,0.0,0.6666666666666666,0.0,1.0,0.6666666666666666,1.0,0.9375,0.6666666666666666,1.0
makeCasRequest,11,5,1,13,1,0,0,19,7,0,0,0,51,129,3,1,1,1,0,0,0,5,2,1,0,13,25,0.21428571428571427,1.0,0.0,0.1111111111111111,0.0,1.0,0.0,0.1111111111111111,0.0,1.0,0.1111111111111111,0.25,0.0,0.5555555555555556,0.0,1.0,0.1111111111111111,1.0,0.125,0.1111111111111111,0.2222222222222222
makeCasRequest,28,13,1,20,4,0,0,47,6,3,0,2,110,211,7,0,1,5,2,0,0,10,1,0,1,21,37,0.2,0.6,0.5,0.3333333333333333,0.16666666666666666,0.0,0.0,0.0,0.0,1.0,0.16666666666666666,1.0,0.0,0.16666666666666666,0.0,1.0,0.16666666666666666,0.375,0.0,0.16666666666666666,0.0
assertInvalidThrowMessage,9,1,1,11,1,1,0,15,7,1,0,0,59,149,4,0,1,1,1,0,0,3,1,0,0,7,22,0.3076923076923077,1.0,0.0,1.0,0.0,0.0,0.0,0.0,0.0,1.0,1.0,0.16666666666666666,0.0,1.0,0.0,1.0,1.0,0.17142857142857143,0.0,1.0,0.0
sendRequest,14,1,1,7,2,0,0,7,7,3,0,1,36,45,4,0,1,2,1,0,0,4,3,3,0,11,18,0.2222222222222222,1.0,0.0,0.5,0.0,1.0,0.0,0.5,0.0,1.0,0.5,0.4,0.0,0.5,0.0,1.0,0.5,1.0,0.22727272727272727,0.5,0.5
unionTester,5,3,0,4,0,0,0,10,3,1,0,0,22,59,12,7,1,16,0,0,0,16,5,0,0,50,92,0.7058823529411765,1.0,1.0,0.25,0.125,0.0,0.0,0.0,0.0,1.0,0.0625,1.0,0.8,0.0625,0.3125,1.0,0.25,1.0,0.0,0.375,0.0
add,13,2,0,9,3,0,0,20,7,6,0,1,42,122,2,0,0,1,0,0,0,2,1,1,0,5,10,0.13333333333333333,1.0,0.0,0.25,0.0,1.0,0.0,0.25,0.0,1.0,0.25,0.25,0.0,0.75,0.0,1.0,0.25,0.0,0.0,0.0,0.0
setMedia,9,1,0,9,1,0,0,13,8,7,0,0,35,66,2,1,0,3,0,0,0,2,2,2,0,10,12,0.18181818181818182,0.5,0.25,0.2857142857142857,0.5714285714285714,0.5,0.25,0.2857142857142857,0.5714285714285714,1.0,0.14285714285714285,0.2222222222222222,0.0,1.0,0.0,1.0,0.14285714285714285,0.5,0.4,0.2857142857142857,0.14285714285714285
dumpConfig,34,6,1,50,1,0,0,31,11,2,0,0,125,319,2,0,1,7,0,0,0,4,0,0,0,13,36,0.05555555555555555,0.4,0.07142857142857142,0.2,0.2,0.0,0.0,0.0,0.0,1.0,0.2,0.0,0.0,0.0,0.0,1.0,0.2,0.18181818181818182,0.0,0.6,0.0
getCustomRoutingCol,8,0,0,2,2,0,0,5,3,3,0,0,16,22,10,2,1,4,3,0,0,8,5,3,0,31,54,0.5555555555555556,1.0,1.0,0.5,0.5,1.0,0.0,0.5,0.0,1.0,0.5,1.0,0.5714285714285714,0.5,0.5,1.0,0.5,1.0,1.0,0.5,0.5
getIdentityKeyCursor,7,3,1,5,0,1,0,9,3,2,0,0,27,56,7,2,1,4,1,0,0,13,5,4,1,43,63,0.5,1.0,1.0,0.1,0.2,1.0,0.0,0.1,0.0,1.0,0.1,1.0,0.6666666666666666,0.1,0.3,1.0,0.2,0.6666666666666666,0.0,0.3,0.0
run0,27,6,1,24,4,1,0,32,7,2,0,0,82,213,2,0,1,1,0,0,0,2,0,0,0,4,17,0.06896551724137931,0.3333333333333333,0.1111111111111111,0.75,0.5,0.0,0.0,0.0,0.0,1.0,0.25,0.0,0.0,0.0,0.0,1.0,0.25,0.07407407407407407,0.0,0.75,0.0
internalStoreStatsHistoryInFile,5,2,0,2,0,0,0,6,4,3,0,0,15,38,17,2,1,6,1,0,0,11,3,1,1,30,45,0.7727272727272727,1.0,0.0,1.0,0.0,1.0,0.0,1.0,0.0,1.0,1.0,1.0,0.0,1.0,0.0,1.0,1.0,1.0,0.7,1.0,1.0
deferredElements,19,3,0,15,1,0,0,16,17,8,0,0,59,125,2,0,0,3,0,0,0,4,2,1,0,10,16,0.09523809523809523,1.0,0.2,0.25,0.75,0.5,0.0,0.5,0.0,1.0,0.25,0.5,0.0,0.5,0.0,1.0,0.25,0.4,0.21428571428571427,0.5,1.0
getDeploymentGroup,9,2,1,4,0,0,0,8,3,2,0,0,27,61,2,0,0,1,0,0,0,2,2,1,0,5,8,0.18181818181818182,1.0,0.0,1.0,0.0,1.0,0.0,1.0,0.0,1.0,1.0,1.0,0.0,1.0,0.0,1.0,1.0,0.6666666666666666,0.0,1.0,0.0
readCaffeModel,2,2,0,1,0,0,0,2,1,0,0,0,8,22,3,1,1,2,0,0,0,3,1,0,0,11,12,0.6,1.0,0.0,0.6666666666666666,0.0,0.0,0.0,0.0,0.0,1.0,0.3333333333333333,1.0,0.0,0.3333333333333333,0.0,1.0,0.6666666666666666,0.6,0.0,1.0,0.0
configKey,10,2,0,15,1,0,0,14,2,1,0,1,41,85,2,0,1,2,0,0,0,2,0,0,0,6,7,0.16666666666666666,0.3333333333333333,0.0,0.8333333333333334,0.0,0.0,0.0,0.0,0.0,1.0,0.16666666666666666,0.0,0.0,0.0,0.0,1.0,0.16666666666666666,0.0,0.0,0.0,0.0
allTopLevelNodes,39,3,1,31,4,0,0,64,57,52,0,2,185,326,2,0,0,1,0,0,0,2,1,1,0,5,9,0.04878048780487805,1.0,0.14285714285714285,0.5,0.5,1.0,0.0,0.5,0.0,1.0,0.5,0.045454545454545456,0.0,0.5,0.0,1.0,0.5,0.16666666666666666,0.08108108108108109,0.5,0.5
addInterceptor,2,0,0,1,0,0,0,4,2,2,0,1,10,18,4,0,0,1,1,0,0,3,1,1,0,6,14,0.6666666666666666,1.0,0.0,0.3333333333333333,0.0,1.0,0.0,0.3333333333333333,0.0,1.0,0.3333333333333333,0.3333333333333333,0.0,1.0,0.0,1.0,0.3333333333333333,1.0,0.38461538461538464,0.3333333333333333,1.0
buildErrorResponse,20,3,0,20,5,0,0,22,0,0,0,0,54,130,2,0,0,3,0,0,0,2,0,0,0,5,10,0.09090909090909091,0.14285714285714285,0.0,0.8571428571428571,0.0,0.0,0.0,0.0,0.0,1.0,0.14285714285714285,0.0,0.0,0.0,0.0,1.0,0.14285714285714285,0.10526315789473684,0.0,1.0,0.0
hepPlan,19,7,0,15,1,0,0,23,3,0,0,1,54,142,2,0,0,2,0,0,0,3,1,0,1,7,16,0.09523809523809523,0.5,0.4,0.07142857142857142,0.14285714285714285,0.0,0.0,0.0,0.0,1.0,0.07142857142857142,1.0,0.0,0.07142857142857142,0.0,1.0,0.07142857142857142,0.5,0.0,0.14285714285714285,0.0
toCanonicalPath,60,9,1,21,12,1,0,62,5,0,0,6,161,177,2,0,0,1,0,0,0,1,0,0,0,2,7,0.03225806451612903,0.5,0.0,0.14285714285714285,0.0,0.0,0.0,0.0,0.0,0.5,0.14285714285714285,0.0,0.0,0.0,0.0,0.5,0.14285714285714285,0.08333333333333333,0.0,0.7142857142857143,0.0
getOptimizer,36,6,1,26,3,0,1,47,13,13,0,0,142,190,2,0,0,2,0,0,0,2,1,1,0,5,7,0.05263157894736842,0.14285714285714285,0.0,0.0,0.0,0.14285714285714285,0.0,0.0,0.0,0.5,0.0,0.14285714285714285,0.0,0.0,0.0,0.5,0.0,0.14285714285714285,0.043478260869565216,0.0,1.0
resetCtx,13,2,0,17,0,0,0,15,21,11,0,0,65,83,10,0,1,16,0,0,0,10,21,8,0,63,62,0.43478260869565216,1.0,0.6666666666666666,0.0,0.0,1.0,0.6666666666666666,0.0,0.0,1.0,0.0,1.0,0.8,0.0,0.0,1.0,0.0,0.8,0.6666666666666666,0.0,0.0
initConnectionAndController,14,1,1,20,0,0,0,20,27,18,0,2,79,109,4,1,1,6,0,0,0,6,6,6,0,25,23,0.2222222222222222,1.0,0.42857142857142855,0.1,0.7,1.0,0.42857142857142855,0.1,0.7,1.0,0.1,0.2222222222222222,0.0,1.0,0.0,1.0,0.1,0.21153846153846154,0.0,1.0,0.0
getGetOAuthRequest,11,5,0,9,1,0,0,13,7,1,0,0,37,74,3,1,0,3,0,0,0,3,0,0,0,7,14,0.21428571428571427,1.0,0.5,0.0,0.0,0.0,0.0,0.0,0.0,1.0,0.0,0.0,0.0,0.0,0.0,1.0,0.0,1.0,0.0,0.0,0.0
validateParameters,20,4,1,23,4,0,0,29,18,18,0,2,91,157,19,1,1,9,4,0,0,19,12,9,3,58,86,0.48717948717948717,1.0,1.0,0.0,0.0,1.0,1.0,0.0,0.0,1.0,0.0,1.0,0.0,0.0,0.0,1.0,0.0,1.0,0.38613861386138615,0.0,0.8333333333333334
deleteRowAt,1,0,0,3,0,0,0,4,0,1,0,0,8,12,3,1,1,3,0,0,0,8,2,0,0,16,60,0.75,1.0,0.0,0.3333333333333333,0.0,0.0,0.0,0.0,0.0,1.0,0.3333333333333333,1.0,0.0,0.6666666666666666,0.0,1.0,0.3333333333333333,0.6666666666666666,0.0,1.0,0.0
use,11,1,1,6,2,0,0,17,8,11,0,0,36,68,2,0,1,1,0,0,0,2,1,0,0,7,19,0.15384615384615385,0.5,0.3333333333333333,0.3333333333333333,0.3333333333333333,0.0,0.0,0.0,0.0,1.0,0.16666666666666666,0.1111111111111111,0.0,0.8333333333333334,0.0,1.0,0.16666666666666666,0.09259259259259259,0.0,0.8333333333333334,0.0
dedupWithTableInfo,45,0,1,32,14,0,0,38,38,37,1,5,165,205,4,0,1,4,1,0,0,4,4,4,0,23,24,0.08163265306122448,0.5,0.2,0.16666666666666666,0.8333333333333334,0.5,0.2,0.16666666666666666,0.8333333333333334,1.0,0.16666666666666666,0.09523809523809523,0.0,1.0,0.0,1.0,0.16666666666666666,0.2,0.08695652173913043,0.8333333333333334,1.0
createCodecModel,27,10,1,11,2,0,1,30,6,7,0,1,67,130,2,0,0,1,0,0,0,2,0,0,0,3,7,0.06896551724137931,0.5,0.0,0.2222222222222222,0.0,0.0,0.0,0.0,0.0,1.0,0.1111111111111111,0.0,0.0,0.0,0.0,1.0,0.1111111111111111,0.25,0.0,0.4444444444444444,0.0
testTransparentProxyWithQuery,1,1,1,0,0,0,0,0,0,0,0,0,2,2,30,4,1,25,4,0,0,30,12,7,2,107,203,0.967741935483871,1.0,0.0,0.08333333333333333,0.0,1.0,0.0,0.16666666666666666,0.0,1.0,0.08333333333333333,1.0,0.0,0.5833333333333334,0.0,1.0,0.5833333333333334,1.0,0.0,0.6666666666666666,0.0
computeRuleFlags,5,2,0,8,0,0,0,9,5,1,0,0,24,73,5,3,0,28,0,0,0,25,19,8,0,87,224,0.5,1.0,1.0,0.0,0.0,1.0,0.0,1.0,0.0,1.0,0.0,1.0,1.0,0.0,0.0,1.0,0.0,1.0,1.0,0.0,1.0
computePlatformCompilerFlags,5,3,1,9,0,0,0,9,7,2,0,0,29,88,4,0,0,9,0,0,0,5,3,0,0,18,48,0.4444444444444444,1.0,1.0,0.0,0.0,0.0,0.0,0.0,0.0,1.0,1.0,1.0,0.0,1.0,0.0,1.0,0.0,1.0,0.0,1.0,0.0
computeRuleCompilerFlags,2,1,0,4,0,0,0,3,3,0,0,0,11,37,7,2,1,14,0,0,0,11,7,2,0,38,96,0.7777777777777778,1.0,1.0,0.0,0.0,1.0,0.0,0.0,0.0,1.0,0.0,1.0,0.8,1.0,1.0,1.0,0.0,1.0,0.7,1.0,0.0
getShortErrorMessage,2,2,1,5,0,1,0,5,1,0,0,0,20,25,3,0,1,3,0,1,0,9,3,3,0,38,67,0.6,1.0,1.0,1.0,1.0,1.0,0.0,1.0,0.0,1.0,1.0,1.0,0.0,1.0,0.0,1.0,1.0,1.0,0.0,0.0,0.0
startRow,11,1,1,6,1,0,0,13,9,8,0,0,36,54,2,0,0,1,0,0,0,1,1,1,0,4,5,0.15384615384615385,0.25,0.0,0.375,0.0,0.25,0.0,0.375,0.0,1.0,0.125,0.1,0.0,0.875,0.0,1.0,0.125,0.10344827586206896,0.0,0.875,0.0
callProcedure,0,0,0,0,0,0,0,0,0,0,0,0,0,0,7,0,1,6,1,0,0,6,3,2,0,19,43,1.0,1.0,0.0,1.0,0.0,1.0,0.0,1.0,0.0,1.0,1.0,1.0,0.0,1.0,0.0,1.0,1.0,1.0,0.0,1.0,0.0
assertUdfsEnabled,3,0,1,1,1,0,0,0,1,0,0,0,5,5,10,0,1,2,1,0,1,15,1,0,0,27,190,0.7692307692307693,1.0,0.0,0.5,0.0,0.0,0.0,0.0,0.0,1.0,0.5,0.5,0.0,1.0,0.0,1.0,0.5,1.0,0.0,0.5,0.0
assertExistsAndReturn,5,1,0,4,1,0,0,6,3,1,0,0,16,29,3,1,1,1,0,0,0,3,2,1,0,14,16,0.375,1.0,0.0,0.2,0.0,1.0,0.0,0.2,0.0,1.0,0.2,0.5,0.0,0.4,0.0,1.0,0.2,0.45454545454545453,0.0,0.8,0.0
stringToPattern,8,4,0,1,0,0,0,15,1,0,0,1,32,31,6,3,1,3,0,0,0,14,1,1,0,27,29,0.42857142857142855,1.0,1.0,0.16666666666666666,0.16666666666666666,1.0,0.0,0.16666666666666666,0.0,1.0,0.16666666666666666,1.0,0.0,0.16666666666666666,0.0,1.0,0.16666666666666666,0.5238095238095238,0.4444444444444444,1.0,0.6666666666666666
assertExistsAndReturn,6,2,1,3,1,0,0,7,4,2,0,0,23,36,2,0,0,2,0,0,0,2,1,0,0,6,9,0.25,1.0,0.5,0.2,0.4,0.0,0.0,0.0,0.0,1.0,0.2,0.5,0.0,0.4,0.0,1.0,0.2,0.5,0.18181818181818182,0.2,0.8
